{
  "type": "FeatureCollection",
  "name": "rail",
  "crs": { "type": "name", "properties": { "name": "urn:ogc:def:crs:EPSG::4087" } },
  "features": [
    {"type": "Feature","id": "T_0001","properties": {"bridge": "no","id": 1,"layer": 0,"railway": "rail","ref_id": "T_0001","service": "yard","source": "Figma Community Map","tunnel": "no"},"geometry": {"coordinates": [[-1542.3,518.7],[-1548.39,527.93],[-1556.56,535.13],[-1566.33,539.96],[-1577.2,542.1],[-1598.08,543.24],[-1619.6,544.39],[-1637.89,545.29],[-1649.1,545.7]],"type": "LineString"}},
    {"type": "Feature","id": "T_0002","properties": {"bridge": "no","id": 2,"layer": 0,"railway": "rail","ref_id": "T_0002","service": "siding","source": "Figma Community Map","tunnel": "no"},"geometry": {"coordinates": [[-2238.1,512.9],[-2247.3,521.4],[-2254.72,530.01],[-2259.93,539.96],[-2262.77,550.83],[-2263.1,562.2],[-2246.3,763.0],[-2244.8,781.1],[-2243.34,791.75],[-2240.76,802.17],[-2237.08,812.26],[-2232.3,821.9],[-2182.9,909.4],[-2170.3,945.2],[-2157.4,985.5]],"type": "LineString"}},
    {"type": "Feature","id": "T_0003","properties": {"bridge": "no","id": 3,"layer": 0,"railway": "rail","ref_id": "T_0003","service": "yard","source": "Figma Community Map","tunnel": "no"},"geometry": {"coordinates": [[-2366.9,815.6],[-2260.6,844.9],[-2247.73,849.38],[-2235.62,855.57],[-2224.46,863.38],[-2214.4,872.7],[-2194.2,894.1]],"type": "LineString"}},
    {"type": "Feature","id": "T_0004","properties": {"bridge": "no","id": 4,"layer": 0,"railway": "rail","ref_id": "T_0004","service": "siding","source": "Figma Community Map","tunnel": "no"},"geometry": {"coordinates": [[-1968.2,517.7],[-1974.35,517.18],[-1980.19,516.66],[-1985.71,516.17],[-1990.9,515.7],[-1992.02,515.61],[-1993.14,515.5],[-1994.23,515.39],[-1995.3,515.3],[-2008.66,514.7],[-2021.99,515.29],[-2035.22,517.06],[-2048.3,520.0],[-2049.0,520.2],[-2062.89,522.96],[-2076.98,523.73],[-2091.02,522.51],[-2104.8,519.3],[-2149.0,505.6],[-2198.97,501.09],[-2244.44,516.55],[-2279.23,548.88],[-2297.2,595.0],[-2299.19,609.83],[-2300.74,623.65],[-2301.74,636.12],[-2302.1,646.9],[-2301.13,668.54],[-2298.6,691.61],[-2295.1,714.55],[-2291.2,735.8],[-2286.23,754.63],[-2279.1,772.68],[-2270.02,789.86],[-2259.2,806.1],[-2194.2,894.1]],"type": "LineString"}},
    {"type": "Feature","id": "T_0005","properties": {"bridge": "no","id": 5,"layer": 0,"railway": "rail","ref_id": "T_0005","service": "yard","source": "Figma Community Map","tunnel": "no"},"geometry": {"coordinates": [[-2194.2,894.1],[-2182.9,909.4]],"type": "LineString"}},
    {"type": "Feature","id": "T_0006","properties": {"bridge": "no","id": 6,"layer": 0,"railway": "rail","ref_id": "T_0006","service": "siding","source": "Figma Community Map","tunnel": "no"},"geometry": {"coordinates": [[-2246.3,763.0],[-2243.0,712.7],[-2208.5,536.8]],"type": "LineString"}},
    {"type": "Feature","id": "T_0007","properties": {"bridge": "no","id": 7,"layer": 0,"railway": "rail","ref_id": "T_0007","service": "yard","source": "Figma Community Map","tunnel": "no"},"geometry": {"coordinates": [[-2249.3,727.6],[-2248.1,684.9],[-2247.93,680.78],[-2247.57,676.66],[-2247.03,672.57],[-2246.3,668.5],[-2220.1,534.3]],"type": "LineString"}},
    {"type": "Feature","id": "T_0008","properties": {"bridge": "no","id": 8,"layer": 0,"railway": "rail","ref_id": "T_0008","service": "yard","source": "Figma Community Map","tunnel": "no"},"geometry": {"coordinates": [[-2253.6,676.6],[-2251.4,635.9],[-2251.18,632.3],[-2250.81,628.71],[-2250.32,625.14],[-2249.7,621.6],[-2231.9,531.7]],"type": "LineString"}},
    {"type": "Feature","id": "T_0009","properties": {"bridge": "no","id": 9,"layer": 0,"railway": "rail","ref_id": "T_0009","service": "siding","source": "Figma Community Map","tunnel": "no"},"geometry": {"coordinates": [[-2234.7,511.4],[-2230.6,509.4],[-2211.53,506.28],[-2194.68,513.11],[-2183.41,527.39],[-2181.1,546.6],[-2218.2,779.1],[-2218.86,785.13],[-2218.89,791.19],[-2218.3,797.23],[-2217.1,803.2],[-2208.5,837.2]],"type": "LineString"}},
    {"type": "Feature","id": "T_0010","properties": {"bridge": "no","id": 10,"layer": 0,"railway": "rail","ref_id": "T_0010","service": "yard","source": "Figma Community Map","tunnel": "no"},"geometry": {"coordinates": [[-2168.4,927.4],[-2177.2,897.4],[-2186.5,879.5]],"type": "LineString"}},
    {"type": "Feature","id": "T_0011","properties": {"bridge": "no","id": 11,"layer": 0,"railway": "rail","ref_id": "T_0011","service": "siding","source": "Figma Community Map","tunnel": "no"},"geometry": {"coordinates": [[-2208.5,837.2],[-2216.5,824.4],[-2222.92,811.57],[-2226.95,797.91],[-2228.51,783.75],[-2227.5,769.4],[-2189.3,533.3],[-2189.37,525.7],[-2191.79,518.69],[-2196.29,512.78],[-2202.6,508.5]],"type": "LineString"}},
    {"type": "Feature","id": "T_0012","properties": {"bridge": "no","id": 12,"layer": 0,"railway": "rail","ref_id": "T_0012","service": "yard","source": "Figma Community Map","tunnel": "no"},"geometry": {"coordinates": [[-2208.5,837.2],[-2186.5,879.5]],"type": "LineString"}},
    {"type": "Feature","id": "T_0013","properties": {"bridge": "no","id": 13,"layer": 0,"railway": "rail","ref_id": "T_0013","service": "siding","source": "Figma Community Map","tunnel": "no"},"geometry": {"coordinates": [[-2205.4,502.1],[-2193.8,504.1],[-2176.88,510.2],[-2163.58,521.49],[-2154.96,536.65],[-2152.1,554.4],[-2155.5,720.0],[-2155.82,724.4],[-2156.49,728.74],[-2157.51,732.98],[-2158.9,737.1],[-2173.3,774.3]],"type": "LineString"}},
    {"type": "Feature","id": "T_0014","properties": {"bridge": "no","id": 14,"layer": 0,"railway": "rail","ref_id": "T_0014","service": "siding","source": "Figma Community Map","tunnel": "no"},"geometry": {"coordinates": [[-2153.5,1004.97],[-2156.93,987.65],[-2160.54,972.13],[-2163.98,956.44],[-2166.9,938.6],[-2180.2,838.2],[-2180.56,805.71],[-2173.39,774.49],[-2159.15,745.8],[-2138.3,720.9],[-2132.08,714.46],[-2126.49,707.48],[-2121.55,700.0],[-2117.3,692.1],[-2096.7,649.3],[-2087.41,617.08],[-2089.13,584.48],[-2101.23,554.15],[-2123.1,528.8],[-2152.3,504.7]],"type": "LineString"}},
    {"type": "Feature","id": "T_0015","properties": {"bridge": "no","id": 15,"layer": 0,"railway": "rail","ref_id": "T_0015","service": "siding","source": "Figma Community Map","tunnel": "no"},"geometry": {"coordinates": [[-2098.2,1003.97],[-2119.8,985.9],[-2133.78,971.59],[-2144.53,954.95],[-2151.78,936.51],[-2155.3,916.8],[-2161.0,841.9],[-2161.26,834.46],[-2160.99,827.02],[-2160.17,819.62],[-2158.8,812.3],[-2147.7,763.0],[-2144.1,749.8],[-2138.1,734.0],[-2128.3,713.3],[-2117.3,692.1]],"type": "LineString"}},
    {"type": "Feature","id": "T_0016","properties": {"bridge": "no","id": 16,"layer": 0,"railway": "rail","ref_id": "T_0016","service": "yard","source": "Figma Community Map","tunnel": "no"},"geometry": {"coordinates": [[-1695.6,543.0],[-1691.43,543.42],[-1680.6,544.35],[-1665.65,545.28],[-1649.1,545.7]],"type": "LineString"}},
    {"type": "Feature","id": "T_0017","properties": {"bridge": "no","id": 17,"layer": 0,"railway": "rail","ref_id": "T_0017","service": "yard","source": "Figma Community Map","tunnel": "no"},"geometry": {"coordinates": [[-1695.6,543.0],[-1725.39,540.67],[-1751.3,537.81],[-1779.83,534.52],[-1817.5,530.9]],"type": "LineString"}},
    {"type": "Feature","id": "T_0018","properties": {"bridge": "no","id": 18,"layer": 0,"railway": "rail","ref_id": "T_0018","service": "yard","source": "Figma Community Map","tunnel": "no"},"geometry": {"coordinates": [[-1695.6,543.0],[-1588.4,537.2]],"type": "LineString"}},
    {"type": "Feature","id": "T_0019","properties": {"bridge": "no","id": 19,"layer": 0,"railway": "rail","ref_id": "T_0019","service": "yard","source": "Figma Community Map","tunnel": "no"},"geometry": {"coordinates": [[-1649.1,545.7],[-1646.86,545.96],[-1641.24,546.63],[-1633.87,547.56],[-1626.4,548.6],[-1604.03,559.67],[-1592.63,581.21],[-1592.06,607.65],[-1602.2,633.4],[-1617.7,656.9]],"type": "LineString"}},
    {"type": "Feature","id": "T_0020","properties": {"bridge": "no","id": 20,"layer": 0,"railway": "rail","ref_id": "T_0020","service": "yard","source": "Figma Community Map","tunnel": "no"},"geometry": {"coordinates": [[-1968.2,517.7],[-1959.4,518.1],[-1921.82,512.46],[-1890.01,493.99],[-1867.0,465.3],[-1855.8,429.0],[-1853.3,405.9]],"type": "LineString"}},
    {"type": "Feature","id": "T_0021","properties": {"bridge": "no","id": 21,"layer": 0,"railway": "rail","ref_id": "T_0021","service": "yard","source": "Figma Community Map","tunnel": "no"},"geometry": {"coordinates": [[-1968.2,517.7],[-1945.55,519.75],[-1920.5,521.99],[-1893.72,524.35],[-1865.9,526.8]],"type": "LineString"}},
    {"type": "Feature","id": "T_0022","properties": {"bridge": "no","id": 22,"layer": 0,"railway": "rail","ref_id": "T_0022","service": "yard","source": "Figma Community Map","tunnel": "no"},"geometry": {"coordinates": [[-1865.9,526.8],[-1854.32,527.79],[-1842.3,528.81],[-1829.98,529.85],[-1817.5,530.9]],"type": "LineString"}},
    {"type": "Feature","id": "T_0023","properties": {"bridge": "no","id": 23,"layer": 0,"railway": "rail","ref_id": "T_0023","service": "branch","source": "Figma Community Map","tunnel": "no"},"geometry": {"coordinates": [[-2077.1,610.8],[-2077.1,704.0],[-2076.66,720.19],[-2075.55,737.22],[-2074.06,753.7],[-2072.5,768.2],[-2070.4,778.52],[-2066.95,790.7],[-2063.72,800.85],[-2062.3,805.1],[-2050.3,831.6],[-2013.65,877.91],[-1962.21,900.41],[-1906.15,897.29],[-1855.6,866.7],[-1850.7,861.7],[-1724.3,737.2],[-1715.22,724.98],[-1710.31,710.89],[-1709.77,695.95],[-1713.8,681.2],[-1729.7,645.4],[-1747.2,613.1],[-1768.93,581.8],[-1796.72,556.41],[-1829.44,537.8],[-1865.9,526.8]],"type": "LineString"}},
    {"type": "Feature","id": "T_0024","properties": {"bridge": "no","id": 24,"layer": 0,"railway": "rail","ref_id": "T_0024","service": "yard","source": "Figma Community Map","tunnel": "no"},"geometry": {"coordinates": [[-1744.6,416.5],[-1748.1,465.0],[-1754.88,490.64],[-1770.01,511.41],[-1791.54,525.45],[-1817.5,530.9]],"type": "LineString"}},
    {"type": "Feature","id": "T_0025","properties": {"bridge": "no","id": 25,"layer": 0,"railway": "rail","ref_id": "T_0025","service": "yard","source": "Figma Community Map","tunnel": "no"},"geometry": {"coordinates": [[-1990.9,515.7],[-2001.3,517.4],[-2029.88,526.86],[-2053.9,543.96],[-2071.92,567.31],[-2082.5,595.5],[-2088.5,624.4]],"type": "LineString"}},
    {"type": "Feature","id": "T_0026","properties": {"bridge": "no","id": 26,"layer": 0,"railway": "rail","ref_id": "T_0026","service": "yard","source": "Figma Community Map","tunnel": "no"},"geometry": {"coordinates": [[-2071.1,565.5],[-2072.04,568.53],[-2074.1,576.65],[-2076.16,588.37],[-2077.1,602.2],[-2077.1,610.8]],"type": "LineString"}},
    {"type": "Feature","id": "T_0027","properties": {"bridge": "no","id": 27,"layer": 0,"railway": "rail","ref_id": "T_0027","service": "siding","source": "Figma Community Map","tunnel": "no"},"geometry": {"coordinates": [[-2072.5,768.2],[-2072.08,771.82],[-2070.94,781.04],[-2069.25,793.39],[-2067.2,806.4],[-2062.41,825.55],[-2054.71,853.12],[-2047.55,881.86],[-2044.4,904.5],[-2044.4,915.1],[-2044.4,929.95],[-2044.4,947.5],[-2044.4,966.2],[-2049.12,985.21],[-2061.48,999.11],[-2078.74,1006.0],[-2098.2,1003.97]],"type": "LineString"}},
    {"type": "Feature","id": "T_0028","properties": {"bridge": "no","id": 28,"layer": 0,"railway": "rail","ref_id": "T_0028","service": "yard","source": "Figma Community Map","tunnel": "no"},"geometry": {"coordinates": [[-2166.9,938.6],[-2162.1,953.4]],"type": "LineString"}},
    {"type": "Feature","id": "T_0029","properties": {"bridge": "no","id": 29,"layer": 0,"railway": "rail","ref_id": "T_0029","service": "siding","source": "Figma Community Map","tunnel": "no"},"geometry": {"coordinates": [[-2169.5,540.7],[-2204.9,762.3],[-2205.84,770.22],[-2206.13,778.2],[-2205.77,786.18],[-2204.8,794.1],[-2196.6,844.5],[-2192.8,861.8],[-2186.5,879.5]],"type": "LineString"}},
    {"type": "Feature","id": "T_0030","properties": {"bridge": "no","id": 30,"layer": 0,"railway": "rail","ref_id": "T_0030","service": "siding","source": "Figma Community Map","tunnel": "no"},"geometry": {"coordinates": [[-2196.6,844.5],[-2197.5,787.2],[-2197.48,782.7],[-2197.26,778.21],[-2196.84,773.74],[-2196.2,769.3],[-2162.1,563.1]],"type": "LineString"}},
    {"type": "Feature","id": "T_0031","properties": {"bridge": "no","id": 31,"layer": 0,"railway": "rail","ref_id": "T_0031","service": "yard","source": "Figma Community Map","tunnel": "no"},"geometry": {"coordinates": [[-2098.2,1003.97],[-2129.1,992.8],[-2139.32,987.68],[-2148.03,980.49],[-2154.89,971.55],[-2159.6,961.2],[-2162.1,953.4]],"type": "LineString"}},
    {"type": "Feature","id": "T_0032","properties": {"bridge": "no","id": 32,"layer": 0,"railway": "rail","ref_id": "T_0032","service": "siding","source": "Figma Community Map","tunnel": "no"},"geometry": {"coordinates": [[-2128.3,713.3],[-2132.5,729.0],[-2133.6,754.2],[-2133.6,761.16],[-2133.15,768.08],[-2132.25,774.96],[-2130.9,781.8],[-2082.7,982.4]],"type": "LineString"}},
    {"type": "Feature","id": "T_0033","properties": {"bridge": "no","id": 33,"layer": 0,"railway": "rail","ref_id": "T_0033","service": "siding","source": "Figma Community Map","tunnel": "no"},"geometry": {"coordinates": [[-2138.1,734.0],[-2141.8,763.1],[-2142.51,772.19],[-2142.41,781.26],[-2141.5,790.28],[-2139.8,799.2],[-2096.1,979.8]],"type": "LineString"}},
    {"type": "Feature","id": "T_0034","properties": {"bridge": "no","id": 34,"layer": 0,"railway": "rail","ref_id": "T_0034","service": "siding","source": "Figma Community Map","tunnel": "no"},"geometry": {"coordinates": [[-2147.7,763.0],[-2150.6,784.7],[-2150.6,794.4],[-2150.42,800.38],[-2149.88,806.31],[-2149.0,812.19],[-2147.8,818.0],[-2113.3,960.1]],"type": "LineString"}},
    {"type": "Feature","id": "T_0035","properties": {"bridge": "no","id": 35,"layer": 0,"railway": "rail","ref_id": "T_0035","service": "yard","source": "Figma Community Map","tunnel": "no"},"geometry": {"coordinates": [[-2077.1,610.8],[-2093.3,704.0]],"type": "LineString"}},
    {"type": "Feature","id": "T_0036","properties": {"bridge": "no","id": 36,"layer": 0,"railway": "rail","ref_id": "T_0036","service": "yard","source": "Figma Community Map","tunnel": "no"},"geometry": {"coordinates": [[-1528.1,474.7],[-1531.5,509.8]],"type": "LineString"}},
    {"type": "Feature","id": "T_0037","properties": {"bridge": "no","id": 37,"layer": 0,"railway": "rail","ref_id": "T_0037","service": "yard","source": "Figma Community Map","tunnel": "no"},"geometry": {"coordinates": [[-1564.9,670.4],[-1531.5,629.3],[-1524.5,617.88],[-1520.84,605.25],[-1520.6,592.09],[-1523.9,579.1],[-1530.0,563.8],[-1531.8,558.37],[-1532.97,552.79],[-1533.52,547.11],[-1533.4,541.4],[-1531.5,509.8]],"type": "LineString"}},
    {"type": "Feature","id": "T_0038","properties": {"bridge": "no","id": 38,"layer": 0,"railway": "rail","ref_id": "T_0038","service": "siding","source": "Figma Community Map","tunnel": "no"},"geometry": {"coordinates": [[-1531.5,509.8],[-1536.9,535.5],[-1542.3,551.5],[-1550.77,572.67],[-1561.56,592.7],[-1574.55,611.38],[-1589.6,628.5],[-1737.3,778.0],[-1740.92,781.45],[-1744.71,784.74],[-1748.68,787.86],[-1752.8,790.8],[-1782.6,810.7],[-1807.4,828.2]],"type": "LineString"}},
    {"type": "Feature","id": "T_0039","properties": {"bridge": "no","id": 39,"layer": 0,"railway": "rail","ref_id": "T_0039","service": "yard","source": "Figma Community Map","tunnel": "no"},"geometry": {"coordinates": [[-2162.1,953.4],[-2158.02,966.67],[-2154.84,978.47],[-2152.16,990.46],[-2149.6,1004.27]],"type": "LineString"}},
    {"type": "Feature","id": "T_0040","properties": {"bridge": "no","id": 40,"layer": 0,"railway": "rail","ref_id": "T_0040","service": "yard","source": "Figma Community Map","tunnel": "no"},"geometry": {"coordinates": [[-1528.7,442.9],[-1524.7,381.4]],"type": "LineString"}},
    {"type": "Feature","id": "T_0041","properties": {"bridge": "no","id": 41,"layer": 0,"railway": "rail","ref_id": "T_0041","service": "mainline","source": "Figma Community Map","tunnel": "no"},"geometry": {"coordinates": [[-3895.1,7500.73],[-3909.79,7501.62],[-3924.53,7500.98],[-3939.14,7498.81],[-3953.5,7495.11],[-3985.9,7484.95],[-3993.09,7482.99],[-4000.4,7481.58],[-4007.78,7480.73],[-4015.2,7480.45],[-4143.0,7480.45],[-4151.94,7480.65],[-4160.88,7481.26],[-4169.77,7482.27],[-4178.6,7483.68],[-4271.7,7500.68],[-4301.33,7502.93],[-4330.5,7499.03],[-4358.24,7489.2],[-4383.6,7473.66],[-4538.2,7355.05],[-4538.2,7355.04],[-4558.4,7340.1],[-4580.45,7324.88],[-4603.93,7309.05],[-4628.4,7292.3],[-4653.37,7274.37],[-4678.3,7254.95],[-4702.71,7233.74],[-4726.1,7210.44],[-4746.57,7188.04],[-4763.37,7169.32],[-4777.82,7153.69],[-4791.2,7140.58],[-4804.68,7129.55],[-4819.57,7119.94],[-4837.13,7111.24],[-4858.6,7102.91],[-4886.85,7094.2],[-4917.99,7086.26],[-4951.43,7078.59],[-4986.6,7070.66],[-5022.83,7061.98],[-5059.58,7052.01],[-5096.2,7040.24],[-5132.1,7026.16],[-5196.8,6994.07],[-5256.96,6956.9],[-5317.74,6913.37],[-5384.3,6862.2],[-5445.54,6810.81],[-5514.26,6747.13],[-5584.51,6677.07],[-5650.3,6606.54],[-5714.3,6531.07],[-5769.36,6455.67],[-5815.52,6377.42],[-5852.8,6293.43],[-5866.84,6254.51],[-5880.48,6213.94],[-5893.24,6172.88],[-5904.7,6132.5],[-5914.35,6093.97],[-5921.84,6058.39],[-5926.68,6026.92],[-5928.4,6000.76],[-5927.27,5974.2],[-5924.31,5944.2],[-5920.17,5913.09],[-5915.5,5883.22],[-5913.14,5853.62],[-5915.84,5824.3],[-5923.61,5795.97],[-5936.5,5769.35],[-5993.3,5675.74],[-5993.3,5675.73],[-5993.3,5675.72],[-6009.3,5648.86],[-6009.3,5648.81],[-6009.3,5648.75],[-6022.8,5622.49],[-6022.8,5622.45],[-6054.6,5552.92],[-6063.21,5537.26],[-6074.04,5523.16],[-6086.87,5510.85],[-6101.5,5500.56],[-6180.7,5453.4],[-6200.72,5439.35],[-6218.29,5422.55],[-6233.14,5403.31],[-6245.0,5381.94],[-6280.0,5305.8],[-6288.54,5284.03],[-6294.49,5261.5],[-6297.79,5238.44],[-6298.4,5215.07],[-6295.4,5117.36],[-6295.64,5099.29],[-6297.54,5081.35],[-6301.07,5063.66],[-6306.2,5046.33],[-6337.4,4956.25],[-6347.05,4939.91],[-6361.68,4928.88],[-6379.33,4924.09],[-6398.1,4926.5],[-6844.9,5077.28],[-6876.06,5084.47],[-6907.71,5085.41],[-6938.94,5080.18],[-6968.8,5068.84],[-7052.82,5027.07],[-7052.87,5027.04],[-7052.92,5027.01],[-7083.36,5009.62],[-7083.4,5009.6],[-7112.05,4991.36],[-7112.07,4991.35],[-7112.08,4991.34],[-7418.61,4789.54],[-7444.07,4762.92],[-7455.09,4729.43],[-7451.11,4694.39],[-7431.59,4663.15],[-6856.9,4086.79],[-6782.95,4003.8],[-6718.84,3913.38],[-6665.13,3816.41],[-6622.4,3713.76],[-6535.3,3466.63],[-6511.55,3377.92],[-6501.67,3287.15],[-6505.71,3195.93],[-6523.7,3105.87],[-6536.2,3061.49],[-6549.65,3026.71],[-6569.21,2995.32],[-6594.26,2968.11],[-6624.2,2945.86],[-6736.9,2877.45],[-6752.3,2867.14],[-6766.64,2855.49],[-6779.83,2842.58],[-6791.8,2828.48],[-6850.1,2753.39],[-6876.5,2719.91],[-7075.08,2495.94],[-7099.25,2471.86],[-7125.96,2448.0],[-7220.34,2367.82],[-7220.39,2367.77],[-7220.44,2367.73],[-7259.26,2330.08],[-7259.29,2330.05],[-7259.33,2330.01],[-7291.68,2295.31],[-7291.73,2295.25],[-7291.78,2295.19],[-7408.54,2149.05],[-7436.62,2099.76],[-7448.08,2045.5],[-7442.68,1990.31],[-7420.21,1938.22],[-7250.24,1669.23],[-7193.22,1576.33],[-7137.98,1478.94],[-6985.1,1189.5],[-6953.7,1126.82],[-6927.4,1058.54],[-6800.1,638.3],[-6784.25,605.14],[-6759.89,578.7],[-6728.9,560.51],[-6693.2,552.1],[-6426.0,530.5],[-6372.35,515.68],[-6329.2,483.34],[-6300.45,437.7],[-6290.0,383.0],[-6290.0,-408.2],[-6285.46,-464.5],[-6272.09,-519.01],[-6250.22,-570.69],[-6220.2,-618.5],[-5914.9,-1028.3],[-5871.85,-1080.6],[-5824.1,-1128.39],[-5772.0,-1171.36],[-5715.9,-1209.2],[-5545.6,-1312.4],[-5452.9,-1364.5],[-5452.8,-1364.6],[-5452.7,-1364.6],[-5363.2,-1406.0],[-5298.54,-1431.72],[-5231.69,-1450.27],[-5163.25,-1461.52],[-5093.8,-1465.3],[-4835.0,-1465.3],[-4803.92,-1466.92],[-4773.25,-1471.75],[-4743.26,-1479.73],[-4714.2,-1490.8],[-4667.2,-1511.7],[-4630.21,-1531.28],[-4596.5,-1555.73],[-4566.54,-1584.63],[-4540.8,-1617.6],[-4447.6,-1755.9],[-4315.3,-2011.7],[-4297.34,-2042.83],[-4276.71,-2072.21],[-4253.55,-2099.66],[-4228.0,-2125.0],[-4218.1,-2133.8],[-4142.37,-2189.22],[-4057.77,-2227.48],[-3967.14,-2247.62],[-3873.3,-2248.7],[-3703.9,-2233.1],[-3703.8,-2233.1],[-3687.75,-2230.85],[-3647.88,-2224.98],[-3596.56,-2216.82],[-3546.2,-2207.7],[-3507.91,-2199.55],[-3469.3,-2190.77],[-3439.47,-2183.77],[-3427.5,-2180.9],[-2784.3,-2020.6],[-2287.0,-1895.6],[-1981.6,-1820.5],[-1981.5,-1820.5],[-1946.4,-1810.7],[-1930.99,-1805.42],[-1914.93,-1799.3],[-1898.9,-1792.5],[-1883.6,-1785.2],[-1867.3,-1775.52],[-1848.86,-1762.38],[-1829.25,-1746.87],[-1809.4,-1730.1],[-1788.98,-1711.83],[-1768.3,-1692.65],[-1749.27,-1674.53],[-1733.8,-1659.4],[-1715.61,-1638.97],[-1691.1,-1608.8],[-1666.22,-1576.23],[-1646.9,-1548.6],[-1631.58,-1523.34],[-1615.35,-1493.05],[-1599.12,-1457.81],[-1583.8,-1417.7],[-1577.32,-1395.6],[-1572.0,-1371.94],[-1567.21,-1346.08],[-1562.3,-1317.4],[-1557.07,-1287.09],[-1551.89,-1257.94],[-1546.76,-1231.01],[-1541.7,-1207.4],[-1534.1,-1181.87],[-1522.18,-1149.51],[-1507.36,-1112.75],[-1491.1,-1074.0],[-1482.9,-1054.72],[-1474.92,-1035.93],[-1467.36,-1017.92],[-1460.4,-1001.0],[-1454.19,-985.55],[-1448.89,-971.69],[-1444.69,-959.75],[-1441.8,-950.1],[-1439.98,-941.2],[-1438.77,-931.38],[-1438.06,-920.77],[-1437.7,-909.5],[-1437.59,-897.57],[-1437.65,-885.12],[-1437.78,-872.26],[-1437.9,-859.1],[-1437.82,-832.07],[-1437.86,-804.64],[-1438.67,-777.64],[-1440.9,-751.9],[-1445.62,-695.28],[-1447.6,-630.99],[-1447.48,-570.87],[-1445.9,-526.8],[-1444.87,-517.29],[-1442.88,-504.96],[-1440.16,-490.7],[-1437.0,-475.4],[-1433.65,-459.99],[-1430.34,-445.41],[-1427.31,-432.58],[-1424.8,-422.4],[-1421.29,-406.87],[-1418.74,-391.04],[-1418.12,-375.11],[-1420.4,-359.3],[-1426.98,-336.6],[-1435.81,-312.35],[-1446.54,-289.07],[-1458.8,-269.3]],"type": "LineString"}},
    {"type": "Feature","id": "T_0042","properties": {"bridge": "no","id": 42,"layer": 0,"railway": "rail","ref_id": "T_0042","service": "branch","source": "Figma Community Map","tunnel": "no"},"geometry": {"coordinates": [[-3895.1,7500.73],[-3814.5,7493.32],[-3500.6,7493.32],[-3495.29,7493.46],[-3490.01,7493.9],[-3484.75,7494.62],[-3479.5,7495.62],[-3455.1,7501.0],[-3406.57,7514.98],[-3360.37,7534.9],[-3317.06,7560.49],[-3277.2,7591.48],[-3138.0,7705.24],[-3129.71,7711.46],[-3121.04,7715.68],[-3111.75,7717.84],[-3101.6,7717.91]],"type": "LineString"}},
    {"type": "Feature","id": "T_0043","properties": {"bridge": "no","id": 43,"layer": 0,"railway": "rail","ref_id": "T_0043","service": "mainline","source": "Figma Community Map","tunnel": "no"},"geometry": {"coordinates": [[-3895.1,7500.73],[-3863.2,7493.79],[-3826.9,7483.9],[-3820.56,7482.39],[-3814.16,7481.32],[-3807.7,7480.67],[-3801.2,7480.45],[-3513.3,7480.45],[-3501.7,7480.79],[-3490.15,7481.8],[-3478.68,7483.46],[-3467.3,7485.77],[-3441.73,7491.62],[-3411.21,7498.39],[-3379.14,7505.17],[-3348.9,7511.09],[-3340.27,7512.58],[-3330.23,7514.13],[-3318.95,7515.74],[-3306.6,7517.4],[-3224.45,7509.21],[-3157.05,7467.76],[-3112.68,7401.68],[-3099.6,7319.6],[-3114.01,7257.66],[-3146.98,7205.19],[-3195.06,7166.09],[-3254.8,7144.25],[-3269.64,7141.7],[-3282.68,7139.33],[-3295.75,7137.37],[-3310.7,7136.06],[-3319.13,7135.63],[-3326.51,7135.37],[-3333.92,7135.34],[-3342.4,7135.59],[-3361.84,7137.03],[-3382.03,7140.04],[-3401.58,7145.07],[-3419.1,7152.58],[-3431.63,7159.92],[-3443.36,7167.34],[-3455.34,7175.21],[-3468.6,7183.85],[-3484.23,7193.66],[-3503.32,7205.01],[-3526.96,7218.24],[-3556.2,7233.72],[-3611.1,7259.87],[-3641.76,7272.44],[-3673.54,7281.5],[-3706.12,7286.99],[-3739.2,7288.83],[-4067.8,7288.83],[-4082.02,7289.33],[-4096.15,7290.82],[-4110.13,7293.31],[-4123.9,7296.77],[-4163.7,7308.28],[-4190.99,7313.46],[-4218.54,7313.46],[-4245.61,7308.36],[-4271.5,7298.23],[-4339.5,7263.91],[-4346.71,7260.43],[-4354.09,7257.25],[-4361.59,7254.36],[-4369.2,7251.77],[-4544.4,7195.97],[-4568.97,7186.3],[-4591.94,7173.51],[-4613.01,7157.8],[-4631.9,7139.35],[-4715.4,7046.07],[-4739.13,7022.32],[-4765.3,7001.41],[-4793.64,6983.53],[-4823.9,6968.86],[-4919.9,6928.71],[-4951.85,6913.99],[-4982.66,6897.07],[-5012.22,6878.03],[-5040.4,6856.92],[-5312.2,6637.73],[-5337.01,6616.06],[-5360.05,6592.57],[-5381.22,6567.36],[-5400.4,6540.54],[-5405.1,6533.28],[-5421.83,6511.01],[-5441.1,6491.06],[-5462.7,6473.66],[-5486.4,6459.01],[-5529.7,6426.78],[-5561.16,6384.27],[-5579.14,6334.53],[-5582.0,6280.62],[-5541.8,5859.79],[-5540.65,5833.5],[-5542.26,5807.32],[-5546.6,5781.44],[-5553.6,5756.08],[-5582.8,5668.45],[-5588.49,5648.76],[-5592.45,5628.73],[-5594.61,5608.44],[-5594.9,5587.99],[-5593.31,5549.2],[-5590.56,5505.05],[-5586.34,5460.54],[-5580.3,5420.68],[-5578.82,5412.79],[-5577.25,5404.51],[-5575.6,5395.9],[-5573.9,5387.04],[-5556.89,5340.78],[-5526.59,5303.7],[-5486.0,5279.07],[-5438.1,5270.13],[-5420.25,5270.68],[-5403.99,5272.12],[-5388.75,5274.15],[-5374.0,5276.48],[-5359.24,5278.79],[-5343.86,5280.77],[-5327.38,5282.13],[-5309.3,5282.55],[-5308.17,5282.54],[-5307.05,5282.52],[-5305.92,5282.5],[-5304.8,5282.48],[-5274.31,5278.78],[-5245.25,5269.52],[-5218.06,5255.44],[-5193.2,5237.25],[-5180.9,5226.81],[-5180.9,5226.76],[-5180.8,5226.71],[-5128.3,5174.46],[-5128.2,5174.42],[-5128.2,5174.39],[-5020.3,5055.68],[-4933.0,4970.83],[-4919.56,4960.36],[-4904.35,4953.12],[-4887.94,4949.33],[-4870.9,4949.16],[-4789.8,4957.27],[-4760.84,4955.57],[-4734.41,4945.26],[-4712.36,4927.4],[-4696.5,4903.06],[-4678.5,4862.42],[-4660.41,4834.36],[-4635.23,4813.57],[-4604.98,4801.23],[-4571.7,4798.55],[-4536.7,4801.18],[-4516.51,4804.85],[-4497.71,4812.54],[-4480.89,4823.93],[-4466.6,4838.68],[-4452.38,4856.68],[-4438.76,4873.9],[-4423.44,4893.39],[-4404.1,4918.2],[-4404.1,4918.21],[-4382.5,4945.66],[-4382.4,4945.71],[-4382.4,4945.75],[-4331.5,5002.89],[-4307.19,5027.88],[-4280.86,5050.63],[-4252.68,5071.02],[-4222.8,5088.93],[-4155.7,5125.29],[-4135.48,5137.86],[-4116.98,5152.71],[-4100.38,5169.67],[-4085.9,5188.56],[-4065.3,5219.01],[-4042.39,5245.3],[-4014.2,5264.99],[-3982.11,5277.33],[-3947.5,5281.61]],"type": "LineString"}},
    {"type": "Feature","id": "T_0044","properties": {"bridge": "no","id": 44,"layer": 0,"railway": "rail","ref_id": "T_0044","service": "siding","source": "Figma Community Map","tunnel": "no"},"geometry": {"coordinates": [[-3101.6,7717.91],[-3107.69,7720.1],[-3117.75,7723.66],[-3128.49,7727.43],[-3136.6,7730.25],[-3149.89,7734.78],[-3166.34,7740.21],[-3185.24,7746.05],[-3205.9,7751.76],[-3244.76,7761.27],[-3277.19,7767.95],[-3304.49,7771.88],[-3328.0,7773.17],[-3344.1,7773.05],[-3358.19,7772.42],[-3371.58,7770.85],[-3385.6,7767.91],[-3395.72,7765.19],[-3404.35,7762.34],[-3412.68,7758.76],[-3421.9,7753.83],[-3431.12,7747.82],[-3439.79,7741.02],[-3447.31,7734.14],[-3453.1,7727.86],[-3455.49,7724.91],[-3461.1,7717.1],[-3467.61,7706.01],[-3472.7,7693.19],[-3476.9,7670.84],[-3477.55,7653.38],[-3476.55,7642.02],[-3475.8,7637.97],[-3462.1,7556.85]],"type": "LineString"}},
    {"type": "Feature","id": "T_0045","properties": {"bridge": "no","id": 45,"layer": 0,"railway": "rail","ref_id": "T_0045","service": "yard","source": "Figma Community Map","tunnel": "no"},"geometry": {"coordinates": [[-3101.6,7717.91],[-3070.7,7706.7]],"type": "LineString"}},
    {"type": "Feature","id": "T_0046","properties": {"bridge": "no","id": 46,"layer": 0,"railway": "rail","ref_id": "T_0046","service": "yard","source": "Figma Community Map","tunnel": "no"},"geometry": {"coordinates": [[-3101.6,7717.91],[-3071.0,7711.13]],"type": "LineString"}},
    {"type": "Feature","id": "T_0047","properties": {"bridge": "no","id": 47,"layer": 0,"railway": "rail","ref_id": "T_0047","service": "siding","source": "Figma Community Map","tunnel": "no"},"geometry": {"coordinates": [[-3071.0,7711.13],[-3081.65,7714.98],[-3101.76,7722.17],[-3122.57,7729.57],[-3135.3,7734.04],[-3148.66,7738.58],[-3165.19,7744.04],[-3184.17,7749.9],[-3204.9,7755.63],[-3243.77,7765.18],[-3276.12,7771.9],[-3303.65,7775.87],[-3328.0,7777.17],[-3344.3,7777.05],[-3358.66,7776.39],[-3372.37,7774.77],[-3386.7,7771.75],[-3397.1,7768.93],[-3406.0,7765.98],[-3414.6,7762.27],[-3424.1,7757.18],[-3433.62,7750.96],[-3442.55,7743.94],[-3450.28,7736.84],[-3456.2,7730.39],[-3459.03,7726.63],[-3465.83,7716.93],[-3474.0,7703.67],[-3481.0,7689.21],[-3485.32,7673.76],[-3487.35,7657.66],[-3487.58,7642.8],[-3486.5,7631.09],[-3473.9,7553.07]],"type": "LineString"}},
    {"type": "Feature","id": "T_0048","properties": {"bridge": "no","id": 48,"layer": 0,"railway": "rail","ref_id": "T_0048","service": "siding","source": "Figma Community Map","tunnel": "no"},"geometry": {"coordinates": [[-3071.0,7711.13],[-2959.9,7673.99],[-2872.03,7631.15],[-2791.09,7577.1],[-2718.15,7512.66],[-2654.3,7438.64],[-2564.2,7318.65]],"type": "LineString"}},
    {"type": "Feature","id": "T_0049","properties": {"bridge": "no","id": 49,"layer": 0,"railway": "rail","ref_id": "T_0049","service": "siding","source": "Figma Community Map","tunnel": "no"},"geometry": {"coordinates": [[-2567.4,7316.25],[-2657.5,7436.24],[-2721.0,7509.84],[-2793.51,7573.93],[-2873.99,7627.68],[-2961.4,7670.29],[-3070.7,7706.7]],"type": "LineString"}},
    {"type": "Feature","id": "T_0050","properties": {"bridge": "no","id": 50,"layer": 0,"railway": "rail","ref_id": "T_0050","service": "branch","source": "Figma Community Map","tunnel": "no"},"geometry": {"coordinates": [[-3070.7,7706.7],[-3090.0,7712.35],[-3102.06,7714.26],[-3114.0,7713.13],[-3125.27,7709.08],[-3135.3,7702.25],[-3274.5,7588.48],[-3314.81,7557.18],[-3358.59,7531.33],[-3405.27,7511.21],[-3454.3,7497.09],[-3478.7,7491.71],[-3484.13,7490.67],[-3489.61,7489.92],[-3495.11,7489.47],[-3500.6,7489.32],[-3814.7,7489.33],[-3895.5,7496.76]],"type": "LineString"}},
    {"type": "Feature","id": "T_0051","properties": {"bridge": "no","id": 51,"layer": 0,"railway": "rail","ref_id": "T_0051","service": "branch","source": "Figma Community Map","tunnel": "no"},"geometry": {"coordinates": [[-3947.5,5281.61],[-3537.1,5281.61],[-3500.56,5279.4],[-3464.71,5272.82],[-3429.93,5261.97],[-3396.6,5246.95],[-3332.3,5213.19],[-3316.8,5207.05],[-3300.51,5204.36],[-3284.02,5205.16],[-3267.9,5209.48],[-3228.9,5224.55],[-3211.33,5230.15],[-3193.25,5233.57],[-3174.87,5234.77],[-3156.4,5233.73],[-3117.3,5229.13],[-3094.23,5227.32],[-3071.15,5227.3],[-3048.14,5229.07],[-3025.3,5232.62],[-2959.6,5245.45],[-2944.43,5249.05],[-2929.57,5253.83],[-2915.13,5259.77],[-2901.2,5266.83],[-2876.3,5280.73],[-2862.56,5287.7],[-2848.39,5293.6],[-2833.82,5298.41],[-2818.9,5302.1],[-2489.0,5370.38],[-2450.5,5379.96],[-2412.95,5392.54],[-2376.53,5408.07],[-2341.4,5426.48],[-2275.1,5464.64]],"type": "LineString"}},
    {"type": "Feature","id": "T_0052","properties": {"bridge": "no","id": 52,"layer": 0,"railway": "rail","ref_id": "T_0052","service": "yard","source": "Figma Community Map","tunnel": "no"},"geometry": {"coordinates": [[-3947.5,5281.61],[-3922.7,5277.61]],"type": "LineString"}},
    {"type": "Feature","id": "T_0053","properties": {"bridge": "no","id": 53,"layer": 0,"railway": "rail","ref_id": "T_0053","service": "branch","source": "Figma Community Map","tunnel": "no"},"geometry": {"coordinates": [[-2273.2,5461.18],[-2339.4,5423.02],[-2374.83,5404.47],[-2411.55,5388.81],[-2449.4,5376.12],[-2488.2,5366.46],[-2818.1,5298.18],[-2832.73,5294.56],[-2847.02,5289.85],[-2860.91,5284.07],[-2874.3,5277.23],[-2899.3,5263.34],[-2913.52,5256.13],[-2928.24,5250.08],[-2943.39,5245.2],[-2958.9,5241.53],[-3024.6,5228.69],[-3047.7,5225.1],[-3071.0,5223.31],[-3094.38,5223.33],[-3117.7,5225.16],[-3156.9,5229.76],[-3174.85,5230.77],[-3192.72,5229.6],[-3210.34,5226.27],[-3227.5,5220.82],[-3266.5,5205.75],[-3283.46,5201.21],[-3300.8,5200.37],[-3317.91,5203.2],[-3334.2,5209.65],[-3398.4,5243.4],[-3431.34,5258.22],[-3465.69,5268.93],[-3501.07,5275.42],[-3537.1,5277.61],[-3922.7,5277.61]],"type": "LineString"}},
    {"type": "Feature","id": "T_0054","properties": {"bridge": "no","id": 54,"layer": 0,"railway": "rail","ref_id": "T_0054","service": "branch","source": "Figma Community Map","tunnel": "no"},"geometry": {"coordinates": [[-3922.7,5277.61],[-3895.41,5270.45],[-3869.04,5260.56],[-3843.77,5248.03],[-3819.8,5232.93],[-3764.6,5193.95],[-3764.5,5193.93],[-3764.5,5193.9],[-3729.8,5166.97],[-3729.8,5166.94],[-3729.7,5166.9],[-3663.7,5109.75],[-3663.6,5109.7],[-3358.5,4807.66],[-3339.99,4791.51],[-3319.73,4777.81],[-3297.92,4766.72],[-3274.8,4758.37],[-3256.9,4753.11],[-3204.37,4730.36],[-3159.6,4696.02],[-3124.43,4651.89],[-3100.7,4599.78],[-3064.9,4485.32],[-3064.8,4485.24],[-3064.8,4485.15],[-3051.0,4422.63],[-3051.0,4422.58],[-3051.0,4422.54],[-3003.6,4150.57],[-2992.2,4094.84],[-2992.1,4094.78],[-2992.1,4094.72],[-2991.12,4087.45],[-2990.24,4080.83],[-2989.41,4074.66],[-2988.6,4068.7],[-2987.84,4062.75],[-2987.05,4056.59],[-2986.18,4050.0],[-2985.2,4042.75]],"type": "LineString"}},
    {"type": "Feature","id": "T_0055","properties": {"bridge": "no","id": 55,"layer": 0,"railway": "rail","ref_id": "T_0055","service": "mainline","source": "Figma Community Map","tunnel": "no"},"geometry": {"coordinates": [[-3895.5,7496.76],[-3890.25,7496.07],[-3885.02,7495.17],[-3879.83,7494.07],[-3874.7,7492.77],[-3828.0,7480.04],[-3821.37,7478.48],[-3814.68,7477.35],[-3807.95,7476.68],[-3801.2,7476.45],[-3513.3,7476.45],[-3501.47,7476.8],[-3489.7,7477.83],[-3478.0,7479.53],[-3466.4,7481.88],[-3440.84,7487.72],[-3410.38,7494.48],[-3378.37,7501.26],[-3348.2,7507.16],[-3339.64,7508.63],[-3329.66,7510.18],[-3318.43,7511.79],[-3306.1,7513.44],[-3225.8,7505.42],[-3159.85,7464.88],[-3116.4,7400.22],[-3103.6,7319.85],[-3117.72,7259.21],[-3150.0,7207.84],[-3197.06,7169.56],[-3255.5,7148.19],[-3263.05,7146.96],[-3280.24,7144.25],[-3298.91,7141.47],[-3310.9,7140.06],[-3317.44,7139.77],[-3324.94,7139.5],[-3333.25,7139.39],[-3342.2,7139.59],[-3361.48,7141.02],[-3381.26,7143.97],[-3400.24,7148.84],[-3417.1,7156.08],[-3429.58,7163.34],[-3441.22,7170.7],[-3453.13,7178.53],[-3466.4,7187.22],[-3482.16,7197.08],[-3501.36,7208.48],[-3525.08,7221.76],[-3554.4,7237.3],[-3554.4,7237.31],[-3554.4,7237.33],[-3609.4,7263.49],[-3640.45,7276.22],[-3672.65,7285.4],[-3705.67,7290.96],[-3739.2,7292.83],[-4067.8,7292.83],[-4081.72,7293.32],[-4095.56,7294.79],[-4109.27,7297.22],[-4122.8,7300.62],[-4162.6,7312.13],[-4190.64,7317.44],[-4218.93,7317.45],[-4246.72,7312.21],[-4273.3,7301.8],[-4341.3,7267.48],[-4348.41,7264.07],[-4355.62,7260.95],[-4362.96,7258.12],[-4370.4,7255.58],[-4545.6,7199.78],[-4570.68,7189.91],[-4594.11,7176.87],[-4615.62,7160.84],[-4634.9,7142.02],[-4718.4,7048.74],[-4741.81,7025.3],[-4767.62,7004.67],[-4795.58,6987.03],[-4825.4,6972.55],[-4921.4,6932.4],[-4953.63,6917.57],[-4984.7,6900.51],[-5014.49,6881.31],[-5042.9,6860.03],[-5314.7,6640.85],[-5339.77,6618.97],[-5363.02,6595.26],[-5384.37,6569.81],[-5403.7,6542.74],[-5408.5,6535.48],[-5424.91,6513.61],[-5443.83,6494.01],[-5465.03,6476.92],[-5488.3,6462.53],[-5532.53,6429.6],[-5564.68,6386.15],[-5583.05,6335.33],[-5586.0,6280.24],[-5545.8,5859.41],[-5544.67,5833.54],[-5546.24,5807.77],[-5550.48,5782.3],[-5557.4,5757.35],[-5586.6,5669.71],[-5592.36,5649.71],[-5596.39,5629.33],[-5598.6,5608.68],[-5598.9,5587.86],[-5597.31,5549.03],[-5594.56,5504.74],[-5590.34,5460.02],[-5584.3,5419.91],[-5582.76,5412.03],[-5581.16,5403.76],[-5579.5,5395.15],[-5577.8,5386.3],[-5560.35,5338.8],[-5529.21,5300.68],[-5487.45,5275.33],[-5438.1,5266.13],[-5420.03,5266.69],[-5403.58,5268.15],[-5388.21,5270.2],[-5373.4,5272.53],[-5358.65,5274.83],[-5343.41,5276.8],[-5327.15,5278.14],[-5309.3,5278.55],[-5308.23,5278.54],[-5307.12,5278.52],[-5305.98,5278.5],[-5304.8,5278.48],[-5275.14,5274.87],[-5246.78,5265.84],[-5220.17,5252.06],[-5195.8,5234.21],[-5183.6,5223.82],[-5131.1,5171.66],[-5023.2,5052.94],[-5023.2,5052.89],[-5023.1,5052.85],[-4935.8,4967.96],[-4921.63,4956.95],[-4905.62,4949.35],[-4888.38,4945.35],[-4870.5,4945.18],[-4789.4,4953.29],[-4761.68,4951.67],[-4736.4,4941.8],[-4715.32,4924.72],[-4700.2,4901.44],[-4682.2,4860.8],[-4663.38,4831.7],[-4637.26,4810.13],[-4605.91,4797.33],[-4571.4,4794.56],[-4536.4,4797.19],[-4515.39,4801.01],[-4495.81,4809.02],[-4478.28,4820.87],[-4463.4,4836.21],[-4449.23,4854.2],[-4435.64,4871.42],[-4420.3,4890.92],[-4400.9,4915.73],[-4379.4,4943.13],[-4328.5,5000.23],[-4304.43,5024.97],[-4278.37,5047.5],[-4250.48,5067.69],[-4220.9,5085.42],[-4153.8,5121.77],[-4133.17,5134.6],[-4114.3,5149.75],[-4097.38,5167.05],[-4082.6,5186.32],[-4062.0,5216.77],[-4039.74,5242.31],[-4012.38,5261.43],[-3981.23,5273.43],[-3947.6,5277.61],[-3922.7,5277.61]],"type": "LineString"}},
    {"type": "Feature","id": "T_0056","properties": {"bridge": "no","id": 56,"layer": 0,"railway": "rail","ref_id": "T_0056","service": "branch","source": "Figma Community Map","tunnel": "no"},"geometry": {"coordinates": [[-2989.1,4042.18],[-2990.14,4049.45],[-2991.04,4056.07],[-2991.84,4062.24],[-2992.6,4068.19],[-2993.36,4074.13],[-2994.16,4080.28],[-2995.06,4086.86],[-2996.1,4094.09],[-3007.5,4149.82],[-3007.5,4149.85],[-3007.5,4149.88],[-3054.9,4421.82],[-3068.7,4484.2],[-3104.5,4598.58],[-3127.82,4649.8],[-3162.39,4693.17],[-3206.38,4726.92],[-3258.0,4749.27],[-3276.0,4754.53],[-3299.51,4763.05],[-3321.73,4774.37],[-3342.4,4788.34],[-3361.3,4804.81],[-3666.4,5106.81],[-3732.3,5163.84],[-3766.9,5190.71],[-3822.2,5229.66],[-3851.09,5247.46],[-3881.86,5261.48],[-3914.15,5271.58],[-3947.6,5277.61]],"type": "LineString"}},
    {"type": "Feature","id": "T_0057","properties": {"bridge": "no","id": 57,"layer": 0,"railway": "rail","ref_id": "T_0057","service": "mainline","source": "Figma Community Map","tunnel": "no"},"geometry": {"coordinates": [[-3895.5,7496.76],[-3909.72,7497.55],[-3924.13,7496.91],[-3938.42,7494.83],[-3952.3,7491.29],[-3984.7,7481.13],[-3992.19,7479.09],[-3999.8,7477.63],[-4007.48,7476.75],[-4015.2,7476.45],[-4143.0,7476.45],[-4152.13,7476.66],[-4161.23,7477.27],[-4170.28,7478.3],[-4179.3,7479.74],[-4272.4,7496.75],[-4301.2,7498.94],[-4329.54,7495.15],[-4356.51,7485.59],[-4381.2,7470.49],[-4535.8,7351.88],[-4556.05,7336.86],[-4578.21,7321.56],[-4601.74,7305.71],[-4626.1,7289.02],[-4650.96,7271.16],[-4675.73,7251.86],[-4699.93,7230.81],[-4723.1,7207.72],[-4743.51,7185.42],[-4760.41,7166.63],[-4775.0,7150.86],[-4788.5,7137.62],[-4802.34,7126.29],[-4817.56,7116.46],[-4835.43,7107.59],[-4857.2,7099.14],[-4885.69,7090.35],[-4917.02,7082.37],[-4950.58,7074.68],[-4985.7,7066.76],[-5021.88,7058.1],[-5058.47,7048.17],[-5094.88,7036.48],[-5130.5,7022.49],[-5194.85,6990.58],[-5254.73,6953.58],[-5315.31,6910.18],[-5381.8,6859.04],[-5442.89,6807.8],[-5511.48,6744.25],[-5581.6,6674.31],[-5647.3,6603.87],[-5711.13,6528.59],[-5766.01,6453.45],[-5811.99,6375.57],[-5849.1,6292.03],[-5863.08,6253.19],[-5876.68,6212.71],[-5889.4,6171.74],[-5900.8,6131.46],[-5910.48,6093.02],[-5917.92,6057.66],[-5922.71,6026.52],[-5924.4,6000.76],[-5923.27,5974.46],[-5920.33,5944.67],[-5916.22,5913.7],[-5911.6,5883.87],[-5909.15,5853.6],[-5911.89,5823.59],[-5919.85,5794.56],[-5933.1,5767.27],[-5989.8,5673.68],[-6005.8,5646.87],[-6019.2,5620.76],[-6050.9,5551.26],[-6059.84,5535.07],[-6071.08,5520.49],[-6084.37,5507.77],[-6099.5,5497.13],[-6178.7,5449.97],[-6198.17,5436.26],[-6215.3,5419.87],[-6229.8,5401.11],[-6241.4,5380.26],[-6276.4,5304.13],[-6284.75,5282.79],[-6290.57,5260.71],[-6293.81,5238.1],[-6294.4,5215.19],[-6291.4,5117.48],[-6291.66,5099.05],[-6293.6,5080.75],[-6297.19,5062.7],[-6302.4,5045.02],[-6333.7,4954.94],[-6344.09,4937.24],[-6359.91,4925.29],[-6379.05,4920.1],[-6399.4,4922.71],[-6846.2,5073.49],[-6876.59,5080.5],[-6907.48,5081.42],[-6937.94,5076.32],[-6967.1,5065.26],[-7050.98,5023.52],[-7081.28,5006.2],[-7109.9,4987.99],[-7416.41,4786.2],[-7440.63,4760.88],[-7451.11,4729.02],[-7447.33,4695.69],[-7428.76,4665.98],[-6854.1,4089.61],[-6779.81,4006.28],[-6715.43,3915.5],[-6661.5,3818.15],[-6618.6,3715.09],[-6531.6,3467.96],[-6507.67,3378.66],[-6497.7,3287.28],[-6501.76,3195.45],[-6519.9,3104.79],[-6532.4,3060.41],[-6546.12,3024.92],[-6566.04,2992.9],[-6591.56,2965.14],[-6622.1,2942.44],[-6734.9,2874.03],[-6749.94,2863.92],[-6763.98,2852.5],[-6776.92,2839.85],[-6788.7,2826.03],[-6846.9,2750.92],[-6846.9,2750.91],[-6873.4,2717.38],[-6873.4,2717.33],[-7072.14,2493.24],[-7072.18,2493.19],[-7072.22,2493.15],[-7096.47,2468.99],[-7096.5,2468.95],[-7096.55,2468.91],[-7123.33,2444.99],[-7217.71,2364.8],[-7256.44,2327.24],[-7288.7,2292.64],[-7405.42,2146.55],[-7432.88,2098.35],[-7444.08,2045.28],[-7438.81,1991.3],[-7416.83,1940.36],[-7246.86,1671.37],[-7246.84,1671.35],[-7189.79,1578.39],[-7189.77,1578.36],[-7189.75,1578.33],[-7134.5,1480.91],[-7134.48,1480.88],[-7134.47,1480.86],[-6981.5,1191.35],[-6981.5,1191.33],[-6981.5,1191.31],[-6950.1,1128.44],[-6950.0,1128.35],[-6923.6,1059.84],[-6923.6,1059.77],[-6796.3,639.5],[-6780.99,607.44],[-6757.41,581.86],[-6727.41,564.25],[-6692.8,556.1],[-6425.7,534.5],[-6370.59,519.27],[-6326.26,486.05],[-6296.73,439.18],[-6286.0,383.0],[-6286.0,-408.2],[-6281.52,-463.85],[-6268.3,-517.75],[-6246.68,-568.88],[-6217.0,-616.2],[-5911.7,-1025.9],[-5868.9,-1077.92],[-5821.41,-1125.45],[-5769.6,-1168.18],[-5713.8,-1205.8],[-5543.6,-1308.9],[-5451.0,-1361.0],[-5361.5,-1402.4],[-5297.27,-1427.97],[-5230.84,-1446.4],[-5162.81,-1457.55],[-5093.8,-1461.3],[-4835.0,-1461.3],[-4803.49,-1462.94],[-4772.41,-1467.84],[-4742.03,-1475.94],[-4712.6,-1487.2],[-4665.6,-1508.0],[-4628.1,-1527.9],[-4593.94,-1552.7],[-4563.58,-1582.0],[-4537.5,-1615.4],[-4444.2,-1753.8],[-4444.2,-1753.9],[-4444.1,-1754.0],[-4311.7,-2009.8],[-4293.93,-2040.69],[-4273.52,-2069.8],[-4250.61,-2096.96],[-4225.3,-2122.0],[-4215.5,-2130.9],[-4140.41,-2185.79],[-4056.52,-2223.7],[-3966.68,-2243.68],[-3873.7,-2244.8],[-3704.3,-2229.1],[-3688.28,-2226.86],[-3648.47,-2221.01],[-3597.23,-2212.86],[-3546.9,-2203.7],[-3508.67,-2195.6],[-3470.09,-2186.86],[-3440.26,-2179.86],[-3428.3,-2177.0],[-2785.2,-2016.7],[-2288.0,-1891.7],[-1982.6,-1816.6],[-1947.6,-1806.9],[-1932.4,-1801.7],[-1916.51,-1795.65],[-1900.65,-1788.93],[-1885.5,-1781.7],[-1869.48,-1772.18],[-1851.28,-1759.2],[-1831.84,-1743.82],[-1812.1,-1727.1],[-1791.7,-1708.9],[-1771.06,-1689.77],[-1752.1,-1671.67],[-1736.7,-1656.5],[-1718.6,-1636.27],[-1694.2,-1606.29],[-1669.43,-1573.88],[-1650.2,-1546.4],[-1635.02,-1521.31],[-1618.9,-1491.22],[-1602.78,-1456.23],[-1587.6,-1416.4],[-1581.19,-1394.59],[-1575.93,-1371.16],[-1571.15,-1345.43],[-1566.2,-1316.7],[-1561.03,-1286.38],[-1555.86,-1257.17],[-1550.72,-1230.19],[-1545.6,-1206.5],[-1537.92,-1180.64],[-1525.9,-1148.04],[-1511.03,-1111.14],[-1494.8,-1072.4],[-1486.6,-1053.12],[-1478.62,-1034.34],[-1471.06,-1016.36],[-1464.1,-999.5],[-1457.91,-984.05],[-1452.65,-970.29],[-1448.52,-958.54],[-1445.7,-949.1],[-1443.94,-940.55],[-1442.76,-931.01],[-1442.06,-920.6],[-1441.7,-909.4],[-1441.59,-897.56],[-1441.65,-885.19],[-1441.78,-872.35],[-1441.9,-859.1],[-1441.82,-831.98],[-1441.86,-804.66],[-1442.67,-777.89],[-1444.9,-752.4],[-1449.62,-695.56],[-1451.6,-631.06],[-1451.48,-570.78],[-1449.9,-526.6],[-1448.82,-516.81],[-1446.79,-504.26],[-1444.06,-489.85],[-1440.9,-474.5],[-1437.55,-459.09],[-1434.24,-444.51],[-1431.21,-431.68],[-1428.7,-421.5],[-1425.18,-406.03],[-1422.7,-390.59],[-1422.09,-375.28],[-1424.2,-360.2],[-1431.63,-339.2],[-1442.31,-318.31],[-1454.81,-298.42],[-1467.7,-280.4]],"type": "LineString"}},
    {"type": "Feature","id": "T_0058","properties": {"bridge": "no","id": 58,"layer": 0,"railway": "rail","ref_id": "T_0058","service": "branch","source": "Figma Community Map","tunnel": "no"},"geometry": {"coordinates": [[-3113.7,3144.38],[-3113.7,2798.64],[-3113.7,2727.05],[-3113.7,2030.25],[-3104.61,1963.19],[-3078.59,1901.97],[-3037.47,1849.68],[-2983.1,1809.42],[-2893.4,1760.12],[-2838.7,1730.06],[-2221.3,1390.7],[-2172.21,1352.61],[-2137.99,1302.45],[-2120.54,1244.29],[-2121.8,1182.17],[-2153.5,1004.97]],"type": "LineString"}},
    {"type": "Feature","id": "T_0059","properties": {"bridge": "no","id": 59,"layer": 0,"railway": "rail","ref_id": "T_0059","service": "branch","source": "Figma Community Map","tunnel": "no"},"geometry": {"coordinates": [[-3109.7,3144.38],[-3109.7,2798.64],[-3109.7,2726.15],[-3109.7,2030.25],[-3100.76,1964.26],[-3075.14,1904.01],[-3034.65,1852.54],[-2981.1,1812.92],[-2891.7,1763.76],[-2837.8,1734.12],[-2219.4,1394.21],[-2169.31,1355.35],[-2134.38,1304.18],[-2116.58,1244.84],[-2117.9,1181.46],[-2149.6,1004.27]],"type": "LineString"}},
    {"type": "Feature","id": "T_0060","properties": {"bridge": "no","id": 60,"layer": 0,"railway": "rail","ref_id": "T_0060","service": "siding","source": "Figma Community Map","tunnel": "no"},"geometry": {"coordinates": [[-1524.7,443.0],[-1524.64,426.67],[-1524.62,411.11],[-1524.64,396.1],[-1524.7,381.4],[-1524.77,366.79],[-1524.81,352.07],[-1524.8,337.02],[-1524.7,321.4],[-1526.04,301.68],[-1530.36,283.0],[-1537.71,265.29],[-1548.1,248.5],[-1556.06,237.51],[-1563.19,227.55],[-1569.77,218.27],[-1576.1,209.3],[-1582.45,200.39],[-1589.06,191.13],[-1596.22,181.15],[-1604.2,170.1],[-1621.48,131.4],[-1630.29,89.66],[-1630.45,47.04],[-1621.8,5.7]],"type": "LineString"}},
    {"type": "Feature","id": "T_0061","properties": {"bridge": "no","id": 61,"layer": 0,"railway": "rail","ref_id": "T_0061","service": "siding","source": "Figma Community Map","tunnel": "no"},"geometry": {"coordinates": [[-1633.7,7.7],[-1640.0,49.84],[-1637.15,92.24],[-1626.05,133.49],[-1607.6,172.2],[-1607.5,172.3],[-1607.5,172.4],[-1599.52,183.45],[-1592.36,193.43],[-1585.75,202.69],[-1579.4,211.6],[-1573.05,220.57],[-1566.44,229.86],[-1559.28,239.85],[-1551.3,250.9],[-1541.29,267.15],[-1534.19,284.27],[-1530.0,302.34],[-1528.7,321.4],[-1528.8,337.02],[-1528.81,352.07],[-1528.77,366.79],[-1528.7,381.4],[-1528.64,396.1],[-1528.62,411.1],[-1528.64,426.62],[-1528.7,442.9]],"type": "LineString"}},
    {"type": "Feature","id": "T_0062","properties": {"bridge": "no","id": 62,"layer": 0,"railway": "rail","ref_id": "T_0062","service": "branch","source": "Figma Community Map","tunnel": "no"},"geometry": {"coordinates": [[-1945.2,1359.63],[-1948.04,1306.86],[-1950.81,1251.83],[-1953.0,1202.32],[-1954.1,1166.11],[-1953.04,1124.13],[-1949.6,1086.93],[-1945.18,1056.72],[-1941.2,1035.72],[-1939.89,1030.56],[-1937.82,1023.75],[-1935.12,1015.6],[-1931.9,1006.39],[-1928.3,996.49],[-1924.5,986.2],[-1920.62,975.83],[-1916.8,965.7],[-1908.61,947.4],[-1898.53,930.11],[-1886.68,913.96],[-1873.2,899.1],[-1872.3,898.2],[-1612.2,640.4],[-1574.82,595.1],[-1547.38,543.82],[-1530.47,488.16],[-1524.7,429.7]],"type": "LineString"}},
    {"type": "Feature","id": "T_0063","properties": {"bridge": "no","id": 63,"layer": 0,"railway": "rail","ref_id": "T_0063","service": "branch","source": "Figma Community Map","tunnel": "no"},"geometry": {"coordinates": [[-1528.7,429.7],[-1534.39,487.4],[-1551.08,542.31],[-1578.14,592.9],[-1615.0,637.6],[-1875.1,895.3],[-1889.14,910.69],[-1901.47,927.4],[-1911.97,945.31],[-1920.5,964.3],[-1924.38,974.43],[-1928.29,984.81],[-1932.1,995.12],[-1935.7,1005.06],[-1938.88,1014.28],[-1941.6,1022.54],[-1943.72,1029.52],[-1945.1,1034.89],[-1949.1,1056.03],[-1953.55,1086.44],[-1957.03,1123.89],[-1958.1,1166.16],[-1957.0,1202.45],[-1954.81,1252.02],[-1952.04,1307.08],[-1949.2,1359.85]],"type": "LineString"}},
    {"type": "Feature","id": "T_0064","properties": {"bridge": "no","id": 64,"layer": 0,"railway": "rail","ref_id": "T_0064","service": "yard","source": "Figma Community Map","tunnel": "no"},"geometry": {"coordinates": [[-6609.4,534.6],[-6647.0,538.0],[-6675.94,544.06],[-6705.91,554.43],[-6733.13,566.86],[-6753.8,579.1]],"type": "LineString"}},
    {"type": "Feature","id": "T_0065","properties": {"bridge": "no","id": 65,"layer": 0,"railway": "rail","ref_id": "T_0065","service": "yard","source": "Figma Community Map","tunnel": "no"},"geometry": {"coordinates": [[-6541.1,3402.68],[-6546.4,3467.79],[-6546.84,3477.61],[-6547.01,3487.44],[-6547.65,3497.19],[-6549.5,3506.75],[-6563.2,3557.79]],"type": "LineString"}},
    {"type": "Feature","id": "T_0066","properties": {"bridge": "no","id": 66,"layer": 0,"railway": "rail","ref_id": "T_0066","service": "siding","source": "Figma Community Map","tunnel": "no"},"geometry": {"coordinates": [[-2181.7,1362.04],[-2256.0,1423.68],[-2263.27,1429.44],[-2270.81,1434.85],[-2278.6,1439.91],[-2286.6,1444.61],[-2503.6,1565.04],[-2524.56,1573.09],[-2548.28,1579.59],[-2573.15,1586.95],[-2597.6,1597.55]],"type": "LineString"}},
    {"type": "Feature","id": "T_0067","properties": {"bridge": "no","id": 67,"layer": 0,"railway": "rail","ref_id": "T_0067","service": "yard","source": "Figma Community Map","tunnel": "no"},"geometry": {"coordinates": [[-3433.1,7558.41],[-3444.7,7628.8],[-3445.75,7633.55],[-3447.24,7638.17],[-3449.16,7642.62],[-3451.5,7646.88],[-3462.3,7664.34],[-3466.1,7672.19],[-3468.31,7680.55],[-3468.9,7689.18],[-3467.8,7697.85],[-3464.9,7710.78]],"type": "LineString"}},
    {"type": "Feature","id": "T_0068","properties": {"bridge": "no","id": 68,"layer": 0,"railway": "rail","ref_id": "T_0068","service": "yard","source": "Figma Community Map","tunnel": "no"},"geometry": {"coordinates": [[-3452.4,7558.41],[-3468.6,7655.0],[-3469.4,7661.0],[-3469.86,7667.04],[-3469.96,7673.09],[-3469.7,7679.14],[-3468.8,7689.81]],"type": "LineString"}},
    {"type": "Feature","id": "T_0069","properties": {"bridge": "no","id": 69,"layer": 0,"railway": "rail","ref_id": "T_0069","service": "mainline","source": "Figma Community Map","tunnel": "no"},"geometry": {"coordinates": [[-6399.4,4922.71],[-6303.3,4888.0],[-6083.9,4814.14],[-6076.23,4811.74],[-6068.5,4809.65],[-6060.7,4807.87],[-6052.8,4806.4],[-5955.4,4790.21],[-5941.35,4786.81],[-5928.0,4781.45],[-5915.55,4774.24],[-5904.2,4765.26],[-5811.3,4680.01],[-5778.97,4654.21],[-5743.55,4633.2],[-5705.58,4617.23],[-5665.6,4606.58],[-5508.3,4576.08],[-5122.4,4511.21],[-5086.39,4503.77],[-5051.05,4493.72],[-5016.54,4481.1],[-4983.0,4465.96],[-4815.2,4382.67],[-4772.76,4364.56],[-4728.69,4351.5],[-4683.39,4343.59],[-4637.3,4340.93],[-3807.1,4340.93],[-3789.53,4341.7],[-3772.14,4344.01],[-3755.03,4347.83],[-3738.3,4353.15],[-3670.3,4378.09],[-3614.9,4403.77],[-3383.2,4529.9],[-3352.5,4545.57],[-3319.9,4558.62],[-3284.0,4568.41],[-3218.49,4574.89],[-3157.52,4556.81],[-3107.54,4517.52],[-3075.0,4460.34],[-3046.6,4374.2]],"type": "LineString"}},
    {"type": "Feature","id": "T_0070","properties": {"bridge": "no","id": 70,"layer": 0,"railway": "rail","ref_id": "T_0070","service": "yard","source": "Figma Community Map","tunnel": "no"},"geometry": {"coordinates": [[-6303.3,4888.0],[-6315.2,4893.16],[-6327.15,4901.24],[-6335.3,4912.66],[-6339.02,4926.2],[-6337.7,4940.59],[-6333.7,4954.94]],"type": "LineString"}},
    {"type": "Feature","id": "T_0071","properties": {"bridge": "no","id": 71,"layer": 0,"railway": "rail","ref_id": "T_0071","service": "branch","source": "Figma Community Map","tunnel": "no"},"geometry": {"coordinates": [[-1949.2,1359.85],[-1952.74,1393.22],[-1965.25,1423.68],[-1985.71,1449.49],[-2013.1,1468.9],[-2027.4,1476.25],[-2420.4,1689.09],[-2446.9,1705.19],[-2476.66,1725.73],[-2506.0,1748.02],[-2531.2,1769.34],[-2573.2,1811.95],[-2608.08,1859.45],[-2631.89,1911.83],[-2640.7,1969.11],[-2640.7,2733.77],[-2640.7,2798.12],[-2640.7,3130.08],[-2639.9,3155.46],[-2637.49,3180.71],[-2633.49,3205.76],[-2627.9,3230.53],[-2626.4,3236.24]],"type": "LineString"}},
    {"type": "Feature","id": "T_0072","properties": {"bridge": "no","id": 72,"layer": 0,"railway": "rail","ref_id": "T_0072","service": "siding","source": "Figma Community Map","tunnel": "no"},"geometry": {"coordinates": [[-2626.4,3236.24],[-2625.1,3246.32],[-2620.99,3273.31],[-2613.79,3312.33],[-2603.2,3358.48],[-2592.49,3399.94],[-2584.01,3432.47],[-2576.16,3462.58],[-2567.3,3496.77],[-2555.54,3537.29],[-2542.44,3576.52],[-2531.79,3606.14],[-2527.4,3617.86]],"type": "LineString"}},
    {"type": "Feature","id": "T_0073","properties": {"bridge": "no","id": 73,"layer": 0,"railway": "rail","ref_id": "T_0073","service": "mainline","source": "Figma Community Map","tunnel": "no"},"geometry": {"coordinates": [[-2273.2,5461.18],[-2251.05,5474.0],[-2232.5,5485.23],[-2217.4,5494.99],[-2205.6,5503.4],[-2166.91,5532.87],[-2130.99,5560.17],[-2097.0,5585.95],[-2064.1,5610.86],[-1982.47,5657.69],[-1893.45,5680.99],[-1802.93,5677.73],[-1716.8,5644.86],[-1704.44,5637.37],[-1692.48,5629.78],[-1681.0,5622.13],[-1670.1,5614.43],[-1621.93,5573.93],[-1565.33,5518.21],[-1507.71,5455.18],[-1456.5,5392.77],[-1410.02,5332.92],[-1370.69,5279.81],[-1334.79,5221.95],[-1298.6,5147.83],[-1264.67,5065.48],[-1234.92,4982.22],[-1213.24,4905.34],[-1203.5,4842.16],[-1203.16,4788.75],[-1207.4,4743.51],[-1215.76,4698.5],[-1227.8,4645.8],[-1243.49,4581.51],[-1260.61,4523.06],[-1281.05,4470.06],[-1306.7,4422.11],[-1341.56,4375.39],[-1386.98,4327.2],[-1440.83,4278.9],[-1501.0,4231.83],[-1538.45,4206.12],[-1580.15,4180.31],[-1623.88,4155.2],[-1667.4,4131.58],[-1728.07,4092.19],[-1780.2,4042.95],[-1821.97,3984.95],[-1851.6,3919.28],[-1872.0,3857.68],[-1898.08,3807.33],[-1937.5,3768.38],[-1986.89,3743.23],[-2042.9,3734.31],[-2388.9,3734.31],[-2434.74,3726.61],[-2474.58,3705.04],[-2505.45,3671.89],[-2524.4,3629.47],[-2527.4,3617.86],[-2626.4,3236.24]],"type": "LineString"}},
    {"type": "Feature","id": "T_0074","properties": {"bridge": "no","id": 74,"layer": 0,"railway": "rail","ref_id": "T_0074","service": "yard","source": "Figma Community Map","tunnel": "no"},"geometry": {"coordinates": [[-2011.5,5629.71],[-1937.3,5667.68],[-1929.61,5671.53],[-1922.34,5674.7],[-1914.45,5677.3],[-1904.9,5679.48]],"type": "LineString"}},
    {"type": "Feature","id": "T_0075","properties": {"bridge": "no","id": 75,"layer": 0,"railway": "rail","ref_id": "T_0075","service": "yard","source": "Figma Community Map","tunnel": "no"},"geometry": {"coordinates": [[-2027.4,1476.25],[-2021.4,1473.86],[-1986.74,1464.09],[-1951.17,1461.69],[-1915.88,1466.61],[-1882.0,1478.81]],"type": "LineString"}},
    {"type": "Feature","id": "T_0076","properties": {"bridge": "no","id": 76,"layer": 0,"railway": "rail","ref_id": "T_0076","service": "yard","source": "Figma Community Map","tunnel": "no"},"geometry": {"coordinates": [[-1882.0,1478.81],[-1903.4,1462.91],[-1919.68,1447.8],[-1932.11,1429.69],[-1940.29,1409.32],[-1943.8,1387.39],[-1945.2,1359.63]],"type": "LineString"}},
    {"type": "Feature","id": "T_0077","properties": {"bridge": "no","id": 77,"layer": 0,"railway": "rail","ref_id": "T_0077","service": "branch","source": "Figma Community Map","tunnel": "no"},"geometry": {"coordinates": [[-1882.0,1478.81],[-1533.8,1725.67],[-1498.73,1749.44],[-1462.7,1771.69],[-1425.77,1792.4],[-1388.0,1811.53],[-1234.5,1885.2],[-1186.2,1909.39],[-1136.7,1935.88],[-1092.9,1961.47],[-1019.5,2007.35],[-987.33,2031.21],[-959.56,2059.7],[-936.69,2092.24],[-919.2,2128.23],[-879.3,2230.04],[-844.87,2298.07],[-798.61,2357.84],[-741.95,2407.84],[-676.3,2446.58],[-438.6,2557.76],[-405.19,2579.64],[-379.76,2609.42],[-363.58,2645.06],[-357.9,2684.57],[-357.9,2906.84]],"type": "LineString"}},
    {"type": "Feature","id": "T_0078","properties": {"bridge": "no","id": 78,"layer": 0,"railway": "rail","ref_id": "T_0078","service": "mainline","source": "Figma Community Map","tunnel": "no"},"geometry": {"coordinates": [[-357.9,3141.46],[-357.9,3262.2],[-355.12,3299.39],[-346.89,3335.56],[-333.39,3370.12],[-314.8,3402.46],[-207.8,3560.3],[-194.77,3580.62],[-182.72,3601.53],[-171.69,3623.0],[-161.7,3645.0],[-107.4,3772.44],[-103.01,3783.71],[-99.31,3795.22],[-96.3,3806.92],[-94.0,3818.8],[-91.0,3837.19],[-88.0,3850.28],[-83.26,3862.79],[-76.9,3874.56],[-69.0,3885.42],[42.3,4018.22],[52.58,4033.89],[58.88,4051.28],[61.0,4069.64],[58.8,4088.24],[32.3,4198.59],[-55.2,4538.41],[-93.0,4666.82],[-171.4,4901.35],[-201.0,4987.85],[-258.6,5119.67],[-265.01,5133.36],[-272.09,5146.69],[-279.82,5159.66],[-288.2,5172.23],[-339.6,5245.2],[-354.25,5268.65],[-366.18,5293.51],[-375.29,5319.52],[-381.5,5346.46],[-488.4,5954.05]],"type": "LineString"}},
    {"type": "Feature","id": "T_0079","properties": {"bridge": "no","id": 79,"layer": 0,"railway": "rail","ref_id": "T_0079","service": "siding","source": "Figma Community Map","tunnel": "no"},"geometry": {"coordinates": [[-357.9,3141.46],[-359.31,3126.84],[-362.4,3113.66],[-365.49,3099.96],[-366.9,3083.83],[-366.9,2967.22],[-365.45,2952.25],[-362.36,2938.55],[-359.29,2924.08],[-357.9,2906.84]],"type": "LineString"}},
    {"type": "Feature","id": "T_0080","properties": {"bridge": "no","id": 80,"layer": 0,"railway": "rail","ref_id": "T_0080","service": "siding","source": "Figma Community Map","tunnel": "no"},"geometry": {"coordinates": [[-357.9,3141.46],[-357.9,2906.84]],"type": "LineString"}},
    {"type": "Feature","id": "T_0081","properties": {"bridge": "no","id": 81,"layer": 0,"railway": "rail","ref_id": "T_0081","service": "siding","source": "Figma Community Map","tunnel": "no"},"geometry": {"coordinates": [[-93.5,3821.73],[-86.0,3841.66],[-82.67,3849.43],[-78.69,3856.88],[-74.09,3863.96],[-68.9,3870.64],[45.6,4006.32],[56.5,4023.1],[62.83,4041.77],[64.39,4061.42],[61.0,4081.14],[58.6,4089.15]],"type": "LineString"}},
    {"type": "Feature","id": "T_0082","properties": {"bridge": "no","id": 82,"layer": 0,"railway": "rail","ref_id": "T_0082","service": "branch","source": "Figma Community Map","tunnel": "no"},"geometry": {"coordinates": [[-810.0,7140.68],[-810.0,6918.18],[-811.76,6895.25],[-816.96,6872.97],[-825.48,6851.75],[-837.2,6831.97],[-908.1,6730.98],[-923.06,6702.02],[-929.62,6670.68],[-927.67,6638.72],[-917.1,6607.92],[-774.4,6325.41]],"type": "LineString"}},
    {"type": "Feature","id": "T_0083","properties": {"bridge": "no","id": 83,"layer": 0,"railway": "rail","ref_id": "T_0083","service": "siding","source": "Figma Community Map","tunnel": "no"},"geometry": {"coordinates": [[-774.4,6325.41],[-764.33,6313.04],[-750.21,6299.49],[-734.17,6285.28],[-718.3,6270.94],[-623.2,6179.62],[-610.87,6165.14],[-600.97,6150.47],[-592.09,6136.89],[-582.8,6125.69],[-552.6,6096.66],[-531.59,6073.01],[-514.66,6046.51],[-502.1,6017.69],[-494.2,5987.07],[-488.4,5954.05]],"type": "LineString"}},
    {"type": "Feature","id": "T_0084","properties": {"bridge": "no","id": 84,"layer": 0,"railway": "rail","ref_id": "T_0084","service": "siding","source": "Figma Community Map","tunnel": "no"},"geometry": {"coordinates": [[-582.8,6125.69],[-734.4,6271.29],[-746.09,6283.51],[-756.69,6296.66],[-766.14,6310.65],[-774.4,6325.41]],"type": "LineString"}},
    {"type": "Feature","id": "T_0085","properties": {"bridge": "no","id": 85,"layer": 0,"railway": "rail","ref_id": "T_0085","service": "branch","source": "Figma Community Map","tunnel": "no"},"geometry": {"coordinates": [[-2275.4,5464.52],[-2248.26,5482.0],[-2221.9,5501.42],[-2194.79,5523.35],[-2165.4,5548.4],[-2119.39,5591.26],[-2079.41,5634.56],[-2040.88,5681.4],[-1999.2,5734.88],[-1953.17,5795.06],[-1913.44,5849.91],[-1875.41,5907.47],[-1834.5,5975.76],[-1813.92,6010.8],[-1794.09,6044.57],[-1775.06,6079.13],[-1756.9,6116.58],[-1744.75,6145.38],[-1734.56,6171.96],[-1724.54,6198.61],[-1712.9,6227.63],[-1696.24,6267.48],[-1681.03,6302.32],[-1664.27,6336.4],[-1643.0,6373.95],[-1624.04,6405.38],[-1606.47,6432.54],[-1587.14,6458.36],[-1562.9,6485.79],[-1508.26,6539.09],[-1448.4,6584.58],[-1381.72,6616.79],[-1306.6,6630.25],[-1235.97,6624.71],[-1171.96,6605.93],[-1113.9,6577.03],[-1061.1,6541.09],[-1026.13,6511.98],[-992.27,6479.84],[-959.51,6446.0],[-927.8,6411.79],[-892.09,6370.19],[-861.84,6331.36],[-831.35,6292.77],[-794.9,6251.86],[-772.5,6228.38],[-752.39,6207.81],[-731.58,6188.57],[-707.1,6169.07],[-672.66,6145.32],[-634.92,6121.07],[-604.5,6102.2],[-592.0,6094.6],[-553.24,6063.98],[-522.16,6028.21],[-500.1,5990.51],[-488.4,5954.05]],"type": "LineString"}},
    {"type": "Feature","id": "T_0086","properties": {"bridge": "no","id": 86,"layer": 0,"railway": "rail","ref_id": "T_0086","service": "siding","source": "Figma Community Map","tunnel": "no"},"geometry": {"coordinates": [[-822.0,6400.86],[-922.1,6596.27],[-925.45,6603.84],[-927.86,6611.73],[-929.31,6619.84],[-929.8,6628.1],[-929.8,6654.09]],"type": "LineString"}},
    {"type": "Feature","id": "T_0087","properties": {"bridge": "no","id": 87,"layer": 0,"railway": "rail","ref_id": "T_0087","service": "siding","source": "Figma Community Map","tunnel": "no"},"geometry": {"coordinates": [[-1467.7,-280.4],[-1575.8,-136.0],[-1579.85,-129.88],[-1589.94,-112.65],[-1602.93,-85.97],[-1615.7,-51.5],[-1619.76,-38.28],[-1624.21,-23.7],[-1628.9,-8.22],[-1633.7,7.7]],"type": "LineString"}},
    {"type": "Feature","id": "T_0088","properties": {"bridge": "no","id": 88,"layer": 0,"railway": "rail","ref_id": "T_0088","service": "siding","source": "Figma Community Map","tunnel": "no"},"geometry": {"coordinates": [[-1458.8,-269.3],[-1559.5,-135.6],[-1564.73,-127.95],[-1577.25,-107.78],[-1592.32,-79.24],[-1605.2,-46.5],[-1608.72,-35.11],[-1612.75,-22.35],[-1617.15,-8.62],[-1621.8,5.7]],"type": "LineString"}},
    {"type": "Feature","id": "T_0089","properties": {"bridge": "no","id": 89,"layer": 0,"railway": "rail","ref_id": "T_0089","service": "siding","source": "Figma Community Map","tunnel": "no"},"geometry": {"coordinates": [[-4646.1,-1425.2],[-4543.6,-1580.0],[-4518.9,-1619.2],[-4444.2,-1753.8]],"type": "LineString"}},
    {"type": "Feature","id": "T_0090","properties": {"bridge": "no","id": 90,"layer": 0,"railway": "rail","ref_id": "T_0090","service": "siding","source": "Figma Community Map","tunnel": "no"},"geometry": {"coordinates": [[-4792.9,-1248.4],[-4737.6,-1313.6],[-4646.1,-1425.2]],"type": "LineString"}},
    {"type": "Feature","id": "T_0091","properties": {"bridge": "no","id": 91,"layer": 0,"railway": "rail","ref_id": "T_0091","service": "siding","source": "Figma Community Map","tunnel": "no"},"geometry": {"coordinates": [[-4646.1,-1425.2],[-4629.7,-1441.0],[-4612.0,-1455.3],[-4436.6,-1589.1],[-4409.1,-1609.2]],"type": "LineString"}},
    {"type": "Feature","id": "T_0092","properties": {"bridge": "no","id": 92,"layer": 0,"railway": "rail","ref_id": "T_0092","service": "siding","source": "Figma Community Map","tunnel": "no"},"geometry": {"coordinates": [[-4792.9,-1248.4],[-4798.41,-1242.29],[-4804.28,-1236.55],[-4810.48,-1231.19],[-4817.0,-1226.2],[-4895.8,-1170.3],[-5284.9,-893.8]],"type": "LineString"}},
    {"type": "Feature","id": "T_0093","properties": {"bridge": "no","id": 93,"layer": 0,"railway": "rail","ref_id": "T_0093","service": "siding","source": "Figma Community Map","tunnel": "no"},"geometry": {"coordinates": [[-5084.8,-1053.5],[-4949.8,-1147.7],[-4933.6,-1156.8],[-4915.9,-1163.95],[-4901.65,-1168.62],[-4895.8,-1170.3]],"type": "LineString"}},
    {"type": "Feature","id": "T_0094","properties": {"bridge": "no","id": 94,"layer": 0,"railway": "rail","ref_id": "T_0094","service": "siding","source": "Figma Community Map","tunnel": "no"},"geometry": {"coordinates": [[-5084.8,-1085.1],[-4949.8,-1185.1],[-4922.48,-1200.04],[-4897.25,-1207.73],[-4876.14,-1211.4],[-4861.2,-1214.3],[-4848.09,-1219.68],[-4833.88,-1226.85],[-4822.47,-1233.12],[-4817.8,-1235.8]],"type": "LineString"}},
    {"type": "Feature","id": "T_0095","properties": {"bridge": "no","id": 95,"layer": 0,"railway": "rail","ref_id": "T_0095","service": "yard","source": "Figma Community Map","tunnel": "no"},"geometry": {"coordinates": [[-4792.9,-1248.4],[-4817.8,-1235.8]],"type": "LineString"}},
    {"type": "Feature","id": "T_0096","properties": {"bridge": "no","id": 96,"layer": 0,"railway": "rail","ref_id": "T_0096","service": "siding","source": "Figma Community Map","tunnel": "no"},"geometry": {"coordinates": [[-5178.8,-1213.1],[-5049.7,-1207.3],[-5002.76,-1208.42],[-4963.75,-1214.04],[-4933.52,-1220.76],[-4912.9,-1225.2],[-4895.78,-1226.77],[-4878.4,-1227.5],[-4864.92,-1227.7],[-4859.5,-1227.7],[-4845.73,-1228.97],[-4832.2,-1231.75],[-4821.9,-1234.53],[-4817.8,-1235.8]],"type": "LineString"}},
    {"type": "Feature","id": "T_0097","properties": {"bridge": "no","id": 97,"layer": 0,"railway": "rail","ref_id": "T_0097","service": "siding","source": "Figma Community Map","tunnel": "no"},"geometry": {"coordinates": [[-4543.6,-1580.0],[-4605.8,-1518.6],[-4634.33,-1487.97],[-4660.15,-1455.15],[-4683.12,-1420.3],[-4703.1,-1383.6],[-4737.6,-1313.6]],"type": "LineString"}},
    {"type": "Feature","id": "T_0098","properties": {"bridge": "no","id": 98,"layer": 0,"railway": "rail","ref_id": "T_0098","service": "siding","source": "Figma Community Map","tunnel": "no"},"geometry": {"coordinates": [[-4379.4,-1628.7],[-4271.3,-1707.6],[-4199.6,-1757.5],[-3981.1,-1911.1],[-3953.6,-1930.6]],"type": "LineString"}},
    {"type": "Feature","id": "T_0099","properties": {"bridge": "no","id": 99,"layer": 0,"railway": "rail","ref_id": "T_0099","service": "siding","source": "Figma Community Map","tunnel": "no"},"geometry": {"coordinates": [[-4409.1,-1609.2],[-4663.8,-1495.7],[-4704.96,-1480.02],[-4747.49,-1469.01],[-4790.97,-1462.75],[-4835.0,-1461.3]],"type": "LineString"}},
    {"type": "Feature","id": "T_0100","properties": {"bridge": "no","id": 100,"layer": 0,"railway": "rail","ref_id": "T_0100","service": "yard","source": "Figma Community Map","tunnel": "no"},"geometry": {"coordinates": [[-4409.1,-1609.2],[-4379.4,-1628.7]],"type": "LineString"}},
    {"type": "Feature","id": "T_0101","properties": {"bridge": "no","id": 101,"layer": 0,"railway": "rail","ref_id": "T_0101","service": "siding","source": "Figma Community Map","tunnel": "no"},"geometry": {"coordinates": [[-3981.1,-1911.1],[-4052.5,-1873.1],[-4083.61,-1855.12],[-4113.29,-1834.98],[-4141.45,-1812.77],[-4168.0,-1788.6],[-4199.6,-1757.5]],"type": "LineString"}},
    {"type": "Feature","id": "T_0102","properties": {"bridge": "no","id": 102,"layer": 0,"railway": "rail","ref_id": "T_0102","service": "branch","source": "Figma Community Map","tunnel": "no"},"geometry": {"coordinates": [[-4379.4,-1628.7],[-4287.5,-1689.1],[-4226.34,-1714.44],[-4162.36,-1714.96],[-4102.68,-1691.95],[-4054.4,-1646.7],[-3992.2,-1560.3],[-3811.6,-1284.1],[-3801.4,-1265.7],[-3783.7,-1219.8],[-3773.78,-1170.17],[-3780.54,-1121.31],[-3802.73,-1077.28],[-3839.1,-1042.1],[-4051.3,-897.1],[-4075.85,-878.51],[-4098.41,-857.64],[-4118.81,-834.65],[-4136.9,-809.7],[-4155.9,-769.3]],"type": "LineString"}},
    {"type": "Feature","id": "T_0103","properties": {"bridge": "no","id": 103,"layer": 0,"railway": "rail","ref_id": "T_0103","service": "siding","source": "Figma Community Map","tunnel": "no"},"geometry": {"coordinates": [[-4271.3,-1707.6],[-4256.7,-1713.9],[-4202.98,-1727.08],[-4149.17,-1722.62],[-4099.45,-1701.55],[-4058.0,-1664.9],[-4027.0,-1626.8]],"type": "LineString"}},
    {"type": "Feature","id": "T_0104","properties": {"bridge": "no","id": 104,"layer": 0,"railway": "rail","ref_id": "T_0104","service": "siding","source": "Figma Community Map","tunnel": "no"},"geometry": {"coordinates": [[-4027.0,-1626.8],[-3904.3,-1507.6],[-3900.85,-1504.12],[-3897.58,-1500.44],[-3894.48,-1496.59],[-3891.6,-1492.6],[-3758.4,-1299.0],[-3742.26,-1280.8],[-3722.53,-1267.19],[-3700.12,-1258.65],[-3676.0,-1255.7],[-3643.4,-1255.7]],"type": "LineString"}},
    {"type": "Feature","id": "T_0105","properties": {"bridge": "no","id": 105,"layer": 0,"railway": "rail","ref_id": "T_0105","service": "branch","source": "Figma Community Map","tunnel": "no"},"geometry": {"coordinates": [[-4847.0,-239.7],[-4214.1,-685.7],[-4200.39,-696.32],[-4187.65,-708.05],[-4175.96,-720.83],[-4165.4,-734.6],[-4126.2,-790.6],[-4103.02,-820.8],[-4077.23,-848.72],[-4049.0,-874.22],[-4018.5,-897.1],[-3822.3,-1030.8],[-3781.8,-1071.15],[-3759.15,-1121.75],[-3755.7,-1177.08],[-3772.8,-1231.6],[-3794.0,-1271.5],[-3803.9,-1288.9],[-3974.2,-1549.8],[-4027.0,-1626.8]],"type": "LineString"}},
    {"type": "Feature","id": "T_0106","properties": {"bridge": "no","id": 106,"layer": 0,"railway": "rail","ref_id": "T_0106","service": "siding","source": "Figma Community Map","tunnel": "no"},"geometry": {"coordinates": [[-3794.0,-1271.5],[-3773.1,-1214.9],[-3763.88,-1165.75],[-3770.95,-1117.5],[-3793.1,-1074.05],[-3829.1,-1039.3],[-4031.4,-900.8],[-4062.31,-877.49],[-4090.88,-851.46],[-4116.93,-822.91],[-4140.3,-792.0],[-4155.9,-769.3]],"type": "LineString"}},
    {"type": "Feature","id": "T_0107","properties": {"bridge": "no","id": 107,"layer": 0,"railway": "rail","ref_id": "T_0107","service": "siding","source": "Figma Community Map","tunnel": "no"},"geometry": {"coordinates": [[-4155.9,-769.3],[-4173.3,-743.9],[-4184.22,-729.48],[-4196.36,-716.11],[-4209.65,-703.89],[-4224.0,-692.9],[-4570.2,-452.0],[-4576.79,-447.59],[-4583.64,-443.36],[-4590.69,-439.3],[-4597.9,-435.4]],"type": "LineString"}},
    {"type": "Feature","id": "T_0108","properties": {"bridge": "no","id": 108,"layer": 0,"railway": "rail","ref_id": "T_0108","service": "siding","source": "Figma Community Map","tunnel": "no"},"geometry": {"coordinates": [[-4796.2,-341.4],[-4737.5,-378.8],[-4713.45,-389.95],[-4678.91,-402.3],[-4638.77,-417.05],[-4597.9,-435.4]],"type": "LineString"}},
    {"type": "Feature","id": "T_0109","properties": {"bridge": "no","id": 109,"layer": 0,"railway": "rail","ref_id": "T_0109","service": "yard","source": "Figma Community Map","tunnel": "no"},"geometry": {"coordinates": [[-4643.5,-415.2],[-4663.05,-409.87],[-4689.46,-403.77],[-4717.4,-395.77],[-4741.5,-384.7],[-4800.1,-347.3]],"type": "LineString"}},
    {"type": "Feature","id": "T_0110","properties": {"bridge": "no","id": 110,"layer": 0,"railway": "rail","ref_id": "T_0110","service": "siding","source": "Figma Community Map","tunnel": "no"},"geometry": {"coordinates": [[-4862.3,-351.6],[-4801.0,-391.8],[-4772.77,-407.15],[-4742.61,-417.65],[-4711.13,-423.5],[-4678.9,-424.9],[-4654.77,-424.87],[-4632.78,-426.29],[-4613.59,-429.64],[-4597.9,-435.4]],"type": "LineString"}},
    {"type": "Feature","id": "T_0111","properties": {"bridge": "no","id": 111,"layer": 0,"railway": "rail","ref_id": "T_0111","service": "siding","source": "Figma Community Map","tunnel": "no"},"geometry": {"coordinates": [[-4018.7,-2046.0],[-4019.1,-2045.8],[-4046.52,-2022.72],[-4068.19,-1994.67],[-4083.46,-1962.69],[-4091.7,-1927.8],[-4096.9,-1887.1],[-4100.36,-1870.73],[-4106.45,-1855.27],[-4115.01,-1841.06],[-4125.9,-1828.4],[-4140.7,-1813.9]],"type": "LineString"}},
    {"type": "Feature","id": "T_0112","properties": {"bridge": "no","id": 112,"layer": 0,"railway": "rail","ref_id": "T_0112","service": "yard","source": "Figma Community Map","tunnel": "no"},"geometry": {"coordinates": [[-3896.1,-2115.8],[-3964.0,-2070.3],[-3977.33,-2063.28],[-3991.8,-2057.81],[-4006.05,-2052.51],[-4018.7,-2046.0]],"type": "LineString"}},
    {"type": "Feature","id": "T_0113","properties": {"bridge": "no","id": 113,"layer": 0,"railway": "rail","ref_id": "T_0113","service": "yard","source": "Figma Community Map","tunnel": "no"},"geometry": {"coordinates": [[-3901.0,-2125.1],[-4018.7,-2046.0]],"type": "LineString"}},
    {"type": "Feature","id": "T_0114","properties": {"bridge": "no","id": 114,"layer": 0,"railway": "rail","ref_id": "T_0114","service": "yard","source": "Figma Community Map","tunnel": "no"},"geometry": {"coordinates": [[-4018.7,-2046.0],[-4018.78,-2045.93],[-4018.86,-2045.86],[-4018.97,-2045.82],[-4019.1,-2045.8]],"type": "LineString"}},
    {"type": "Feature","id": "T_0115","properties": {"bridge": "no","id": 115,"layer": 0,"railway": "rail","ref_id": "T_0115","service": "yard","source": "Figma Community Map","tunnel": "no"},"geometry": {"coordinates": [[-4429.3,-1782.6],[-4391.2,-1865.0]],"type": "LineString"}},
    {"type": "Feature","id": "T_0116","properties": {"bridge": "no","id": 116,"layer": 0,"railway": "rail","ref_id": "T_0116","service": "yard","source": "Figma Community Map","tunnel": "no"},"geometry": {"coordinates": [[-4845.9,-1461.3],[-4943.6,-1465.3]],"type": "LineString"}},
    {"type": "Feature","id": "T_0117","properties": {"bridge": "no","id": 117,"layer": 0,"railway": "rail","ref_id": "T_0117","service": "siding","source": "Figma Community Map","tunnel": "no"},"geometry": {"coordinates": [[-3113.7,2648.49],[-3099.4,2727.14],[-3086.9,2796.18],[-3083.9,2812.46],[-3078.96,2834.23],[-3072.1,2855.44],[-3063.37,2875.94],[-3052.8,2895.63],[-2977.0,3023.21]],"type": "LineString"}},
    {"type": "Feature","id": "T_0118","properties": {"bridge": "no","id": 118,"layer": 0,"railway": "rail","ref_id": "T_0118","service": "yard","source": "Figma Community Map","tunnel": "no"},"geometry": {"coordinates": [[-2884.5,3111.35],[-2902.5,3099.86],[-2923.2,3086.68],[-2931.1,3081.05],[-2938.43,3074.68],[-2945.11,3067.63],[-2951.1,3059.94],[-2977.0,3023.21]],"type": "LineString"}},
    {"type": "Feature","id": "T_0119","properties": {"bridge": "no","id": 119,"layer": 0,"railway": "rail","ref_id": "T_0119","service": "siding","source": "Figma Community Map","tunnel": "no"},"geometry": {"coordinates": [[-2807.2,3558.96],[-2905.1,3263.59],[-2909.56,3248.2],[-2912.75,3232.53],[-2914.66,3216.65],[-2915.3,3200.64],[-2915.3,3183.42],[-2916.4,3164.7],[-2919.66,3146.3],[-2925.05,3128.41],[-2932.5,3111.21],[-2937.5,3101.4],[-2959.6,3057.54],[-2977.0,3023.21]],"type": "LineString"}},
    {"type": "Feature","id": "T_0120","properties": {"bridge": "no","id": 120,"layer": 0,"railway": "rail","ref_id": "T_0120","service": "branch","source": "Figma Community Map","tunnel": "no"},"geometry": {"coordinates": [[-2577.5,4047.21],[-2539.1,3971.79],[-2531.63,3952.23],[-2528.39,3931.74],[-2529.33,3910.99],[-2534.4,3890.63],[-2552.65,3837.88],[-2568.48,3788.16],[-2582.69,3740.2],[-2596.1,3692.72],[-2607.74,3650.8],[-2619.9,3607.44],[-2633.11,3561.79],[-2647.9,3513.02],[-2788.5,3070.16]],"type": "LineString"}},
    {"type": "Feature","id": "T_0121","properties": {"bridge": "no","id": 121,"layer": 0,"railway": "rail","ref_id": "T_0121","service": "siding","source": "Figma Community Map","tunnel": "no"},"geometry": {"coordinates": [[-2884.5,3111.35],[-2866.6,3122.83],[-2843.1,3137.82],[-2829.12,3148.6],[-2817.32,3161.56],[-2807.97,3176.37],[-2801.3,3192.72],[-2764.1,3313.84],[-2756.91,3333.56],[-2747.71,3352.36],[-2736.58,3370.1],[-2723.6,3386.62],[-2702.2,3411.1],[-2692.42,3423.22],[-2683.64,3436.05],[-2675.89,3449.52],[-2669.2,3463.58],[-2647.9,3513.02]],"type": "LineString"}},
    {"type": "Feature","id": "T_0122","properties": {"bridge": "no","id": 122,"layer": 0,"railway": "rail","ref_id": "T_0122","service": "yard","source": "Figma Community Map","tunnel": "no"},"geometry": {"coordinates": [[-2788.5,3295.06],[-2832.0,3169.11],[-2833.7,3164.43],[-2835.66,3159.85],[-2837.86,3155.37],[-2840.3,3151.01],[-2843.1,3146.27],[-2866.6,3122.83]],"type": "LineString"}},
    {"type": "Feature","id": "T_0123","properties": {"bridge": "no","id": 123,"layer": 0,"railway": "rail","ref_id": "T_0123","service": "siding","source": "Figma Community Map","tunnel": "no"},"geometry": {"coordinates": [[-2801.7,3298.93],[-2848.6,3164.04],[-2852.02,3155.4],[-2856.26,3147.14],[-2861.27,3139.3],[-2867.0,3131.95],[-2884.5,3111.35]],"type": "LineString"}},
    {"type": "Feature","id": "T_0124","properties": {"bridge": "no","id": 124,"layer": 0,"railway": "rail","ref_id": "T_0124","service": "siding","source": "Figma Community Map","tunnel": "no"},"geometry": {"coordinates": [[-2902.5,3099.86],[-2880.8,3122.12],[-2873.0,3132.56],[-2868.52,3139.04],[-2864.56,3145.85],[-2861.15,3152.95],[-2858.3,3160.3],[-2809.8,3302.36]],"type": "LineString"}},
    {"type": "Feature","id": "T_0125","properties": {"bridge": "no","id": 125,"layer": 0,"railway": "rail","ref_id": "T_0125","service": "yard","source": "Figma Community Map","tunnel": "no"},"geometry": {"coordinates": [[-2869.3,3193.93],[-2884.6,3144.63],[-2887.7,3136.73],[-2891.86,3129.38],[-2897.02,3122.69],[-2903.1,3116.76],[-2939.8,3085.62]],"type": "LineString"}},
    {"type": "Feature","id": "T_0126","properties": {"bridge": "no","id": 126,"layer": 0,"railway": "rail","ref_id": "T_0126","service": "yard","source": "Figma Community Map","tunnel": "no"},"geometry": {"coordinates": [[-2915.8,3112.98],[-2939.8,3085.62],[-2959.6,3057.54]],"type": "LineString"}},
    {"type": "Feature","id": "T_0127","properties": {"bridge": "no","id": 127,"layer": 0,"railway": "rail","ref_id": "T_0127","service": "yard","source": "Figma Community Map","tunnel": "no"},"geometry": {"coordinates": [[-2855.6,3275.85],[-2899.2,3141.31],[-2901.02,3136.25],[-2903.17,3131.33],[-2905.67,3126.56],[-2908.5,3121.97],[-2910.1,3119.47],[-2915.8,3112.98]],"type": "LineString"}},
    {"type": "Feature","id": "T_0128","properties": {"bridge": "no","id": 128,"layer": 0,"railway": "rail","ref_id": "T_0128","service": "yard","source": "Figma Community Map","tunnel": "no"},"geometry": {"coordinates": [[-2915.8,3112.98],[-2863.4,3277.89]],"type": "LineString"}},
    {"type": "Feature","id": "T_0129","properties": {"bridge": "no","id": 129,"layer": 0,"railway": "rail","ref_id": "T_0129","service": "yard","source": "Figma Community Map","tunnel": "no"},"geometry": {"coordinates": [[-2889.8,3284.49],[-2915.3,3206.55]],"type": "LineString"}},
    {"type": "Feature","id": "T_0130","properties": {"bridge": "no","id": 130,"layer": 0,"railway": "rail","ref_id": "T_0130","service": "branch","source": "Figma Community Map","tunnel": "no"},"geometry": {"coordinates": [[-2992.0,3293.02],[-2947.0,3394.25],[-2924.6,3457.32],[-2901.6,3527.48],[-2865.4,3655.19],[-2864.3,3659.6],[-2852.64,3733.08],[-2854.71,3806.83],[-2870.3,3878.93],[-2899.2,3947.5],[-3007.5,4149.82]],"type": "LineString"}},
    {"type": "Feature","id": "T_0131","properties": {"bridge": "no","id": 131,"layer": 0,"railway": "rail","ref_id": "T_0131","service": "siding","source": "Figma Community Map","tunnel": "no"},"geometry": {"coordinates": [[-2985.2,4042.75],[-2983.08,4025.65],[-2980.48,4001.0],[-2977.83,3973.1],[-2975.6,3946.29],[-2975.73,3930.33],[-2977.52,3909.25],[-2980.63,3888.38],[-2984.7,3873.05],[-2988.14,3864.61],[-2995.9,3845.31],[-3004.11,3824.2],[-3008.9,3810.34],[-3011.76,3799.23],[-3016.08,3783.48],[-3020.66,3767.81],[-3024.3,3756.95],[-3038.9,3720.02]],"type": "LineString"}},
    {"type": "Feature","id": "T_0132","properties": {"bridge": "no","id": 132,"layer": 0,"railway": "rail","ref_id": "T_0132","service": "branch","source": "Figma Community Map","tunnel": "no"},"geometry": {"coordinates": [[-2989.1,4042.18],[-2986.63,4020.13],[-2985.44,4003.04],[-2984.98,3987.39],[-2984.7,3969.67],[-2985.0,3951.0],[-2985.82,3938.98],[-2987.82,3927.12],[-2990.99,3915.53],[-2995.3,3904.27],[-3005.82,3880.43],[-3017.44,3854.22],[-3028.14,3830.25],[-3035.9,3813.1],[-3049.5,3778.13],[-3105.3,3591.4],[-3108.97,3577.34],[-3111.6,3563.07],[-3113.18,3548.65],[-3113.7,3534.14],[-3113.7,3434.33],[-3113.7,3341.42],[-3113.7,3247.43],[-3113.7,3144.38]],"type": "LineString"}},
    {"type": "Feature","id": "T_0133","properties": {"bridge": "no","id": 133,"layer": 0,"railway": "rail","ref_id": "T_0133","service": "yard","source": "Figma Community Map","tunnel": "no"},"geometry": {"coordinates": [[-2971.6,3849.67],[-3005.8,3772.89],[-3010.38,3763.36],[-3015.41,3754.09],[-3020.92,3745.11],[-3026.9,3736.42],[-3038.9,3720.02]],"type": "LineString"}},
    {"type": "Feature","id": "T_0134","properties": {"bridge": "no","id": 134,"layer": 0,"railway": "rail","ref_id": "T_0134","service": "yard","source": "Figma Community Map","tunnel": "no"},"geometry": {"coordinates": [[-3038.9,3720.02],[-3063.7,3670.73]],"type": "LineString"}},
    {"type": "Feature","id": "T_0135","properties": {"bridge": "no","id": 135,"layer": 0,"railway": "rail","ref_id": "T_0135","service": "yard","source": "Figma Community Map","tunnel": "no"},"geometry": {"coordinates": [[-3063.7,3598.41],[-3067.05,3587.76],[-3075.45,3561.22],[-3086.4,3526.93],[-3097.4,3493.03],[-3103.27,3468.34],[-3106.45,3444.4],[-3107.75,3426.3],[-3108.0,3419.13]],"type": "LineString"}},
    {"type": "Feature","id": "T_0136","properties": {"bridge": "no","id": 136,"layer": 0,"railway": "rail","ref_id": "T_0136","service": "siding","source": "Figma Community Map","tunnel": "no"},"geometry": {"coordinates": [[-3109.7,3144.38],[-3107.6,3492.33],[-3106.51,3516.04],[-3103.56,3539.56],[-3098.75,3562.77],[-3092.1,3585.57],[-3063.7,3670.73]],"type": "LineString"}},
    {"type": "Feature","id": "T_0137","properties": {"bridge": "no","id": 137,"layer": 0,"railway": "rail","ref_id": "T_0137","service": "yard","source": "Figma Community Map","tunnel": "no"},"geometry": {"coordinates": [[-3099.5,3388.83],[-3099.5,3280.17],[-3101.05,3261.96],[-3104.49,3239.83],[-3107.98,3216.4],[-3109.7,3194.28]],"type": "LineString"}},
    {"type": "Feature","id": "T_0138","properties": {"bridge": "no","id": 138,"layer": 0,"railway": "rail","ref_id": "T_0138","service": "yard","source": "Figma Community Map","tunnel": "no"},"geometry": {"coordinates": [[-2596.1,3692.72],[-2548.3,3800.9],[-2527.7,3866.88]],"type": "LineString"}},
    {"type": "Feature","id": "T_0139","properties": {"bridge": "no","id": 139,"layer": 0,"railway": "rail","ref_id": "T_0139","service": "yard","source": "Figma Community Map","tunnel": "no"},"geometry": {"coordinates": [[-2880.8,3275.85],[-2917.8,3154.83]],"type": "LineString"}},
    {"type": "Feature","id": "T_0140","properties": {"bridge": "no","id": 140,"layer": 0,"railway": "rail","ref_id": "T_0140","service": "siding","source": "Figma Community Map","tunnel": "no"},"geometry": {"coordinates": [[-3063.7,3670.73],[-2995.3,3904.27]],"type": "LineString"}},
    {"type": "Feature","id": "T_0141","properties": {"bridge": "no","id": 141,"layer": 0,"railway": "rail","ref_id": "T_0141","service": "siding","source": "Figma Community Map","tunnel": "no"},"geometry": {"coordinates": [[-2977.0,3023.21],[-3052.8,2895.63],[-3063.37,2875.94],[-3072.1,2855.44],[-3078.96,2834.23],[-3083.9,2812.46],[-3113.7,2648.49]],"type": "LineString"}},
    {"type": "Feature","id": "T_0142","properties": {"bridge": "no","id": 142,"layer": 0,"railway": "rail","ref_id": "T_0142","service": "yard","source": "Figma Community Map","tunnel": "no"},"geometry": {"coordinates": [[-2884.5,3111.35],[-2902.5,3099.86],[-2923.2,3086.68],[-2931.1,3081.05],[-2938.43,3074.68],[-2945.11,3067.63],[-2951.1,3059.94],[-2977.0,3023.21]],"type": "LineString"}},
    {"type": "Feature","id": "T_0143","properties": {"bridge": "no","id": 143,"layer": 0,"railway": "rail","ref_id": "T_0143","service": "yard","source": "Figma Community Map","tunnel": "no"},"geometry": {"coordinates": [[-2915.2,3206.85],[-2915.26,3205.3],[-2915.29,3203.75],[-2915.3,3202.19],[-2915.3,3200.64],[-2915.3,3183.42],[-2916.4,3164.7],[-2919.66,3146.3],[-2925.05,3128.41],[-2932.5,3111.21],[-2959.6,3057.54],[-2977.0,3023.21]],"type": "LineString"}},
    {"type": "Feature","id": "T_0144","properties": {"bridge": "no","id": 144,"layer": 0,"railway": "rail","ref_id": "T_0144","service": "siding","source": "Figma Community Map","tunnel": "no"},"geometry": {"coordinates": [[-2807.2,3558.96],[-2905.1,3263.59],[-2909.17,3249.7],[-2912.21,3235.58],[-2914.23,3221.27],[-2915.2,3206.85]],"type": "LineString"}},
    {"type": "Feature","id": "T_0145","properties": {"bridge": "no","id": 145,"layer": 0,"railway": "rail","ref_id": "T_0145","service": "siding","source": "Figma Community Map","tunnel": "no"},"geometry": {"coordinates": [[-2884.5,3111.35],[-2866.6,3122.83],[-2843.1,3137.82],[-2829.12,3148.6],[-2817.32,3161.56],[-2807.97,3176.37],[-2801.3,3192.72],[-2764.1,3313.84],[-2756.91,3333.56],[-2747.71,3352.36],[-2736.58,3370.1],[-2723.6,3386.62],[-2702.2,3411.1],[-2692.42,3423.22],[-2683.64,3436.05],[-2675.89,3449.52],[-2669.2,3463.58],[-2647.9,3513.02]],"type": "LineString"}},
    {"type": "Feature","id": "T_0146","properties": {"bridge": "no","id": 146,"layer": 0,"railway": "rail","ref_id": "T_0146","service": "branch","source": "Figma Community Map","tunnel": "no"},"geometry": {"coordinates": [[-2577.5,4047.21],[-2539.1,3971.79],[-2531.63,3952.23],[-2528.39,3931.74],[-2529.33,3910.99],[-2534.4,3890.63],[-2552.65,3837.88],[-2568.48,3788.16],[-2582.69,3740.2],[-2596.1,3692.72],[-2607.74,3650.8],[-2619.9,3607.44],[-2633.11,3561.79],[-2647.9,3513.02],[-2788.5,3070.16]],"type": "LineString"}},
    {"type": "Feature","id": "T_0147","properties": {"bridge": "no","id": 147,"layer": 0,"railway": "rail","ref_id": "T_0147","service": "yard","source": "Figma Community Map","tunnel": "no"},"geometry": {"coordinates": [[-2788.5,3295.06],[-2832.0,3169.11],[-2833.7,3164.43],[-2835.66,3159.85],[-2837.86,3155.37],[-2840.3,3151.01],[-2843.1,3146.27],[-2866.6,3122.83]],"type": "LineString"}},
    {"type": "Feature","id": "T_0148","properties": {"bridge": "no","id": 148,"layer": 0,"railway": "rail","ref_id": "T_0148","service": "siding","source": "Figma Community Map","tunnel": "no"},"geometry": {"coordinates": [[-2801.7,3298.93],[-2848.6,3164.04],[-2852.02,3155.4],[-2856.26,3147.14],[-2861.27,3139.3],[-2867.0,3131.95],[-2884.5,3111.35]],"type": "LineString"}},
    {"type": "Feature","id": "T_0149","properties": {"bridge": "no","id": 149,"layer": 0,"railway": "rail","ref_id": "T_0149","service": "siding","source": "Figma Community Map","tunnel": "no"},"geometry": {"coordinates": [[-2902.5,3099.86],[-2880.8,3122.12],[-2873.0,3132.56],[-2868.52,3139.04],[-2864.56,3145.85],[-2861.15,3152.95],[-2858.3,3160.3],[-2809.8,3302.36]],"type": "LineString"}},
    {"type": "Feature","id": "T_0150","properties": {"bridge": "no","id": 150,"layer": 0,"railway": "rail","ref_id": "T_0150","service": "yard","source": "Figma Community Map","tunnel": "no"},"geometry": {"coordinates": [[-2869.3,3193.93],[-2884.6,3144.63],[-2887.7,3136.73],[-2891.86,3129.38],[-2897.02,3122.69],[-2903.1,3116.76],[-2939.8,3085.62]],"type": "LineString"}},
    {"type": "Feature","id": "T_0151","properties": {"bridge": "no","id": 151,"layer": 0,"railway": "rail","ref_id": "T_0151","service": "yard","source": "Figma Community Map","tunnel": "no"},"geometry": {"coordinates": [[-2915.8,3112.98],[-2939.8,3085.62],[-2959.6,3057.54]],"type": "LineString"}},
    {"type": "Feature","id": "T_0152","properties": {"bridge": "no","id": 152,"layer": 0,"railway": "rail","ref_id": "T_0152","service": "yard","source": "Figma Community Map","tunnel": "no"},"geometry": {"coordinates": [[-2855.6,3275.85],[-2899.2,3141.31],[-2901.02,3136.25],[-2903.17,3131.33],[-2905.67,3126.56],[-2908.5,3121.97],[-2910.1,3119.47],[-2915.8,3112.98]],"type": "LineString"}},
    {"type": "Feature","id": "T_0153","properties": {"bridge": "no","id": 153,"layer": 0,"railway": "rail","ref_id": "T_0153","service": "yard","source": "Figma Community Map","tunnel": "no"},"geometry": {"coordinates": [[-2915.8,3112.98],[-2863.4,3277.89]],"type": "LineString"}},
    {"type": "Feature","id": "T_0154","properties": {"bridge": "no","id": 154,"layer": 0,"railway": "rail","ref_id": "T_0154","service": "yard","source": "Figma Community Map","tunnel": "no"},"geometry": {"coordinates": [[-2889.8,3284.49],[-2915.2,3206.85]],"type": "LineString"}},
    {"type": "Feature","id": "T_0155","properties": {"bridge": "no","id": 155,"layer": 0,"railway": "rail","ref_id": "T_0155","service": "yard","source": "Figma Community Map","tunnel": "no"},"geometry": {"coordinates": [[-2915.2,3206.85],[-2915.3,3206.55]],"type": "LineString"}},
    {"type": "Feature","id": "T_0156","properties": {"bridge": "no","id": 156,"layer": 0,"railway": "rail","ref_id": "T_0156","service": "branch","source": "Figma Community Map","tunnel": "no"},"geometry": {"coordinates": [[-3007.5,4149.82],[-2899.2,3947.5],[-2870.3,3878.93],[-2854.71,3806.83],[-2852.64,3733.08],[-2864.3,3659.6],[-2865.4,3655.19],[-2901.6,3527.48],[-2924.6,3457.32],[-2947.0,3394.25],[-2992.0,3293.02]],"type": "LineString"}},
    {"type": "Feature","id": "T_0157","properties": {"bridge": "no","id": 157,"layer": 0,"railway": "rail","ref_id": "T_0157","service": "yard","source": "Figma Community Map","tunnel": "no"},"geometry": {"coordinates": [[-2971.6,3849.67],[-3005.8,3772.89],[-3010.38,3763.36],[-3015.41,3754.09],[-3020.92,3745.11],[-3026.9,3736.42],[-3038.9,3720.02]],"type": "LineString"}},
    {"type": "Feature","id": "T_0158","properties": {"bridge": "no","id": 158,"layer": 0,"railway": "rail","ref_id": "T_0158","service": "siding","source": "Figma Community Map","tunnel": "no"},"geometry": {"coordinates": [[-3038.9,3720.02],[-3024.3,3756.95],[-3020.66,3767.81],[-3016.08,3783.48],[-3011.76,3799.23],[-3008.9,3810.34],[-3004.11,3824.2],[-2995.9,3845.31],[-2988.14,3864.61],[-2984.7,3873.05],[-2980.63,3888.38],[-2977.52,3909.25],[-2975.73,3930.33],[-2975.6,3946.29],[-2977.83,3973.1],[-2980.48,4001.0],[-2983.08,4025.65],[-2985.2,4042.75]],"type": "LineString"}},
    {"type": "Feature","id": "T_0159","properties": {"bridge": "no","id": 159,"layer": 0,"railway": "rail","ref_id": "T_0159","service": "yard","source": "Figma Community Map","tunnel": "no"},"geometry": {"coordinates": [[-3038.9,3720.02],[-3063.7,3670.73]],"type": "LineString"}},
    {"type": "Feature","id": "T_0160","properties": {"bridge": "no","id": 160,"layer": 0,"railway": "rail","ref_id": "T_0160","service": "yard","source": "Figma Community Map","tunnel": "no"},"geometry": {"coordinates": [[-3108.0,3419.13],[-3107.75,3426.3],[-3106.45,3444.4],[-3103.27,3468.34],[-3097.4,3493.03],[-3086.4,3526.93],[-3075.45,3561.22],[-3067.05,3587.76],[-3063.7,3598.41]],"type": "LineString"}},
    {"type": "Feature","id": "T_0161","properties": {"bridge": "no","id": 161,"layer": 0,"railway": "rail","ref_id": "T_0161","service": "siding","source": "Figma Community Map","tunnel": "no"},"geometry": {"coordinates": [[-3108.0,3419.13],[-3107.6,3492.33],[-3106.51,3516.04],[-3103.56,3539.56],[-3098.75,3562.77],[-3092.1,3585.57],[-3063.7,3670.73]],"type": "LineString"}},
    {"type": "Feature","id": "T_0162","properties": {"bridge": "no","id": 162,"layer": 0,"railway": "rail","ref_id": "T_0162","service": "siding","source": "Figma Community Map","tunnel": "no"},"geometry": {"coordinates": [[-3108.0,3419.13],[-3109.3,3202.72]],"type": "LineString"}},
    {"type": "Feature","id": "T_0163","properties": {"bridge": "no","id": 163,"layer": 0,"railway": "rail","ref_id": "T_0163","service": "branch","source": "Figma Community Map","tunnel": "no"},"geometry": {"coordinates": [[-2989.1,4042.18],[-2986.63,4020.13],[-2985.44,4003.04],[-2984.98,3987.39],[-2984.7,3969.67],[-2985.0,3951.0],[-2985.82,3938.98],[-2987.82,3927.12],[-2990.99,3915.53],[-2995.3,3904.27],[-3005.82,3880.43],[-3017.44,3854.22],[-3028.14,3830.25],[-3035.9,3813.1],[-3049.5,3778.13],[-3105.3,3591.4],[-3108.97,3577.34],[-3111.6,3563.07],[-3113.18,3548.65],[-3113.7,3534.14],[-3113.7,3144.38]],"type": "LineString"}},
    {"type": "Feature","id": "T_0164","properties": {"bridge": "no","id": 164,"layer": 0,"railway": "rail","ref_id": "T_0164","service": "yard","source": "Figma Community Map","tunnel": "no"},"geometry": {"coordinates": [[-3099.5,3388.83],[-3099.5,3280.17],[-3100.78,3263.98],[-3103.73,3244.4],[-3107.01,3223.34],[-3109.3,3202.72]],"type": "LineString"}},
    {"type": "Feature","id": "T_0165","properties": {"bridge": "no","id": 165,"layer": 0,"railway": "rail","ref_id": "T_0165","service": "yard","source": "Figma Community Map","tunnel": "no"},"geometry": {"coordinates": [[-3109.3,3202.72],[-3109.45,3200.56],[-3109.58,3198.43],[-3109.67,3196.34],[-3109.7,3194.28]],"type": "LineString"}},
    {"type": "Feature","id": "T_0166","properties": {"bridge": "no","id": 166,"layer": 0,"railway": "rail","ref_id": "T_0166","service": "yard","source": "Figma Community Map","tunnel": "no"},"geometry": {"coordinates": [[-3109.3,3202.72],[-3109.7,3144.38]],"type": "LineString"}},
    {"type": "Feature","id": "T_0167","properties": {"bridge": "no","id": 167,"layer": 0,"railway": "rail","ref_id": "T_0167","service": "yard","source": "Figma Community Map","tunnel": "no"},"geometry": {"coordinates": [[-2596.1,3692.72],[-2548.3,3800.9],[-2527.7,3866.88]],"type": "LineString"}},
    {"type": "Feature","id": "T_0168","properties": {"bridge": "no","id": 168,"layer": 0,"railway": "rail","ref_id": "T_0168","service": "yard","source": "Figma Community Map","tunnel": "no"},"geometry": {"coordinates": [[-2880.8,3275.85],[-2917.8,3154.83]],"type": "LineString"}},
    {"type": "Feature","id": "T_0169","properties": {"bridge": "no","id": 169,"layer": 0,"railway": "rail","ref_id": "T_0169","service": "siding","source": "Figma Community Map","tunnel": "no"},"geometry": {"coordinates": [[-3063.7,3670.73],[-2995.3,3904.27]],"type": "LineString"}},
    {"type": "Feature","id": "T_0170","properties": {"bridge": "no","id": 170,"layer": 0,"railway": "rail","ref_id": "T_0170","service": "branch","source": "Figma Community Map","tunnel": "no"},"geometry": {"coordinates": [[-7501.09,5087.16],[-7505.84,5086.8],[-7510.6,5086.65],[-7515.38,5086.73],[-7520.15,5087.03],[-7539.61,5088.72],[-7661.6,5099.31],[-7679.14,5100.31],[-7696.7,5100.28],[-7714.22,5099.22],[-7731.67,5097.12],[-7873.77,5075.76],[-7904.3,5067.51],[-7931.82,5052.75],[-7955.32,5032.19],[-7973.78,5006.51],[-7982.36,4991.14],[-7997.47,4945.68],[-7995.09,4899.37],[-7976.31,4857.03],[-7942.22,4823.47],[-7909.02,4801.66],[-7875.81,4780.19],[-7841.65,4758.0],[-7805.54,4734.04],[-7786.44,4722.86],[-7766.2,4714.44],[-7745.01,4709.14],[-7723.07,4707.29],[-7504.13,4707.29],[-7488.22,4705.73],[-7473.05,4701.17],[-7459.05,4693.78],[-7446.62,4683.73],[-7428.76,4665.98]],"type": "LineString"}},
    {"type": "Feature","id": "T_0171","properties": {"bridge": "no","id": 171,"layer": 0,"railway": "rail","ref_id": "T_0171","service": "siding","source": "Figma Community Map","tunnel": "no"},"geometry": {"coordinates": [[-7431.59,4663.15],[-7449.42,4680.88],[-7461.25,4690.44],[-7474.57,4697.47],[-7489.0,4701.81],[-7504.13,4703.29],[-7723.07,4703.29],[-7745.61,4705.18],[-7767.38,4710.62],[-7788.17,4719.25],[-7807.78,4730.72],[-7843.88,4754.68],[-7878.04,4776.86],[-7911.24,4798.33],[-7944.44,4820.14],[-7979.61,4854.76],[-7998.98,4898.44],[-8001.44,4946.2],[-7985.85,4993.09],[-7977.28,5008.46]],"type": "LineString"}},
    {"type": "Feature","id": "T_0172","properties": {"bridge": "no","id": 172,"layer": 0,"railway": "rail","ref_id": "T_0172","service": "siding","source": "Figma Community Map","tunnel": "no"},"geometry": {"coordinates": [[-7977.28,5008.46],[-7958.28,5034.88],[-7934.1,5056.04],[-7905.78,5071.23],[-7874.37,5079.72],[-7732.27,5101.07],[-7714.59,5103.2],[-7696.83,5104.28],[-7679.03,5104.31],[-7661.25,5103.3],[-7604.68,5098.38]],"type": "LineString"}},
    {"type": "Feature","id": "T_0173","properties": {"bridge": "no","id": 173,"layer": 0,"railway": "rail","ref_id": "T_0173","service": "siding","source": "Figma Community Map","tunnel": "no"},"geometry": {"coordinates": [[-7977.28,5008.46],[-7972.66,5013.05],[-7961.0,5024.05],[-7945.56,5037.31],[-7929.64,5048.66],[-7911.81,5056.83],[-7893.24,5062.46],[-7878.64,5065.72],[-7872.72,5066.77],[-7730.62,5088.13],[-7722.33,5089.32],[-7702.45,5092.06],[-7678.45,5095.08],[-7657.81,5097.12],[-7638.01,5098.11],[-7621.03,5098.45],[-7609.15,5098.45],[-7604.68,5098.38]],"type": "LineString"}},
    {"type": "Feature","id": "T_0174","properties": {"bridge": "no","id": 174,"layer": 0,"railway": "rail","ref_id": "T_0174","service": "branch","source": "Figma Community Map","tunnel": "no"},"geometry": {"coordinates": [[-7604.68,5098.38],[-7596.18,5097.65],[-7519.81,5091.01],[-7508.02,5090.7],[-7496.32,5091.8],[-7484.84,5094.3],[-7473.7,5098.16],[-7293.17,5173.23],[-7281.24,5178.46],[-7265.65,5184.77],[-7249.83,5190.17],[-7233.82,5194.67],[-7217.66,5198.26],[-7161.32,5203.78],[-7105.14,5198.72],[-7050.62,5183.21],[-6999.3,5157.35],[-6919.0,5106.84],[-6914.5,5104.16],[-6909.86,5101.72],[-6905.09,5099.52],[-6900.2,5097.58],[-6844.9,5077.28]],"type": "LineString"}},
    {"type": "Feature","id": "T_0175","properties": {"bridge": "no","id": 175,"layer": 0,"railway": "rail","ref_id": "T_0175","service": "siding","source": "Figma Community Map","tunnel": "no"},"geometry": {"coordinates": [[-7293.17,5173.23],[-7274.22,5187.72],[-7262.27,5208.14],[-7258.45,5231.44],[-7263.93,5254.59],[-7284.85,5300.66],[-7290.95,5310.75],[-7298.81,5319.43],[-7308.06,5326.54],[-7318.38,5331.9],[-7330.04,5335.49],[-7342.1,5336.75],[-7354.16,5335.49],[-7365.82,5331.52],[-7557.2,5240.33],[-7576.26,5225.76],[-7588.47,5205.17],[-7592.53,5181.7],[-7587.16,5158.47],[-7568.64,5115.25],[-7559.43,5104.22],[-7547.36,5097.56],[-7533.73,5093.68],[-7519.81,5091.01]],"type": "LineString"}},
    {"type": "Feature","id": "T_0176","properties": {"bridge": "no","id": 176,"layer": 0,"railway": "rail","ref_id": "T_0176","service": "siding","source": "Figma Community Map","tunnel": "no"},"geometry": {"coordinates": [[-8001.64,4919.21],[-7998.48,4910.41],[-7989.55,4889.59],[-7975.69,4865.17],[-7957.74,4845.54],[-7770.1,4725.28],[-7740.92,4714.78],[-7704.98,4708.01],[-7674.46,4704.37],[-7661.58,4703.29]],"type": "LineString"}},
    {"type": "Feature","id": "T_0177","properties": {"bridge": "no","id": 177,"layer": 0,"railway": "rail","ref_id": "T_0177","service": "yard","source": "Figma Community Map","tunnel": "no"},"geometry": {"coordinates": [[-7217.66,5198.26],[-7222.89,5196.44],[-7235.78,5191.64],[-7252.11,5184.86],[-7267.7,5177.11],[-7270.4,5175.51],[-7272.9,5173.9],[-7275.25,5172.3],[-7277.46,5170.69]],"type": "LineString"}},
    {"type": "Feature","id": "T_0178","properties": {"bridge": "no","id": 178,"layer": 0,"railway": "rail","ref_id": "T_0178","service": "siding","source": "Figma Community Map","tunnel": "no"},"geometry": {"coordinates": [[-7277.46,5170.69],[-7280.85,5168.15],[-7284.61,5165.29],[-7288.33,5162.45],[-7291.59,5159.93],[-7297.75,5156.43],[-7307.53,5151.67],[-7316.6,5147.47],[-7320.59,5145.66],[-7422.14,5103.43],[-7424.95,5102.37],[-7431.95,5099.86],[-7441.02,5096.89],[-7450.02,5094.47],[-7454.57,5093.53],[-7459.39,5092.64],[-7464.39,5091.8],[-7469.47,5091.01]],"type": "LineString"}},
    {"type": "Feature","id": "T_0179","properties": {"bridge": "no","id": 179,"layer": 0,"railway": "rail","ref_id": "T_0179","service": "siding","source": "Figma Community Map","tunnel": "no"},"geometry": {"coordinates": [[-7277.46,5170.69],[-7297.23,5159.93],[-7432.62,5103.62],[-7469.47,5091.01]],"type": "LineString"}},
    {"type": "Feature","id": "T_0180","properties": {"bridge": "no","id": 180,"layer": 0,"railway": "rail","ref_id": "T_0180","service": "siding","source": "Figma Community Map","tunnel": "no"},"geometry": {"coordinates": [[-7501.09,5087.16],[-7493.69,5088.18],[-7486.39,5089.74],[-7479.2,5091.84],[-7472.16,5094.47],[-7291.62,5169.55],[-7291.6,5169.55],[-7291.59,5169.56],[-7279.63,5174.79],[-7209.75,5195.63],[-7137.94,5198.95],[-7067.42,5184.98],[-7001.42,5153.97],[-6993.72,5149.12],[-6974.2,5136.82],[-6948.2,5120.46],[-6921.1,5103.41],[-6916.62,5100.75],[-6912.01,5098.32],[-6907.28,5096.14],[-6902.4,5094.21],[-6846.2,5073.49]],"type": "LineString"}},
    {"type": "Feature","id": "T_0181","properties": {"bridge": "no","id": 181,"layer": 0,"railway": "rail","ref_id": "T_0181","service": "yard","source": "Figma Community Map","tunnel": "no"},"geometry": {"coordinates": [[-7501.09,5087.16],[-7498.41,5087.43],[-7491.31,5088.19],[-7481.19,5089.4],[-7469.47,5091.01]],"type": "LineString"}},
    {"type": "Feature","id": "T_0182","properties": {"bridge": "no","id": 182,"layer": 0,"railway": "rail","ref_id": "T_0182","service": "yard","source": "Figma Community Map","tunnel": "no"},"geometry": {"coordinates": [[-7596.18,5097.65],[-7539.61,5088.72]],"type": "LineString"}},
    {"type": "Feature","id": "T_0183","properties": {"bridge": "no","id": 183,"layer": 0,"railway": "rail","ref_id": "T_0183","service": "siding","source": "Figma Community Map","tunnel": "no"},"geometry": {"coordinates": [[-7318.38,5331.9],[-7320.96,5331.94],[-7327.44,5331.88],[-7335.91,5331.39],[-7344.48,5330.18],[-7346.3,5329.81],[-7350.79,5328.78],[-7356.53,5327.27],[-7362.06,5325.41],[-7505.59,5257.01],[-7509.41,5255.11],[-7518.48,5250.81],[-7529.22,5246.21],[-7538.03,5243.42],[-7545.25,5242.08],[-7553.37,5239.98],[-7562.09,5236.5],[-7571.1,5231.0]],"type": "LineString"}},
    {"type": "Feature","id": "T_0184","properties": {"bridge": "no","id": 184,"layer": 0,"railway": "rail","ref_id": "T_0184","service": "yard","source": "Figma Community Map","tunnel": "no"},"geometry": {"coordinates": [[-2838.7,1730.06],[-2893.4,1760.12]],"type": "LineString"}},
    {"type": "Feature","id": "T_0185","properties": {"bridge": "no","id": 185,"layer": 0,"railway": "rail","ref_id": "T_0185","service": "yard","source": "Figma Community Map","tunnel": "no"},"geometry": {"coordinates": [[-2891.7,1763.76],[-2837.8,1734.12]],"type": "LineString"}},
    {"type": "Feature","id": "T_0186","properties": {"bridge": "no","id": 186,"layer": 0,"railway": "rail","ref_id": "T_0186","service": "yard","source": "Figma Community Map","tunnel": "no"},"geometry": {"coordinates": [[-3113.7,2727.05],[-3113.7,2798.64]],"type": "LineString"}},
    {"type": "Feature","id": "T_0187","properties": {"bridge": "no","id": 187,"layer": 0,"railway": "rail","ref_id": "T_0187","service": "yard","source": "Figma Community Map","tunnel": "no"},"geometry": {"coordinates": [[-3109.7,2798.64],[-3109.7,2726.14]],"type": "LineString"}},
    {"type": "Feature","id": "T_0188","properties": {"bridge": "no","id": 188,"layer": 0,"railway": "rail","ref_id": "T_0188","service": "yard","source": "Figma Community Map","tunnel": "no"},"geometry": {"coordinates": [[-3099.4,2727.14],[-3086.9,2796.18]],"type": "LineString"}},
    {"type": "Feature","id": "T_0189","properties": {"bridge": "no","id": 189,"layer": 0,"railway": "rail","ref_id": "T_0189","service": "yard","source": "Figma Community Map","tunnel": "no"},"geometry": {"coordinates": [[-2640.7,2733.77],[-2640.7,2798.12]],"type": "LineString"}},
    {"type": "Feature","id": "T_0190","properties": {"bridge": "no","id": 190,"layer": 0,"railway": "rail","ref_id": "T_0190","service": "siding","source": "Figma Community Map","tunnel": "no"},"geometry": {"coordinates": [[-2764.1,3313.84],[-2756.91,3333.56],[-2747.71,3352.36],[-2736.58,3370.1],[-2723.6,3386.62],[-2702.2,3411.1],[-2692.42,3423.22],[-2683.64,3436.05],[-2675.89,3449.52],[-2669.2,3463.58],[-2647.9,3513.02]],"type": "LineString"}},
    {"type": "Feature","id": "T_0191","properties": {"bridge": "no","id": 191,"layer": 0,"railway": "light_rail","ref_id": "T_0191","service": "metro","source": "Figma Community Map","tunnel": "no"},"geometry": {"coordinates": [[-812.6,785.3],[-814.4,753.2],[-815.38,719.4],[-816.09,685.82],[-817.1,654.4],[-817.78,616.77],[-817.75,563.73],[-817.49,501.57],[-817.5,436.6]],"type": "LineString"}},
    {"type": "Feature","id": "T_0192","properties": {"bridge": "no","id": 192,"layer": 0,"railway": "light_rail","ref_id": "T_0192","service": "metro","source": "Figma Community Map","tunnel": "no"},"geometry": {"coordinates": [[-832.7,436.6],[-831.79,501.51],[-830.04,563.65],[-828.05,616.71],[-826.4,654.4],[-825.26,685.86],[-824.16,719.44],[-822.79,753.22],[-820.8,785.3]],"type": "LineString"}},
    {"type": "Feature","id": "T_0193","properties": {"bridge": "no","id": 193,"layer": 0,"railway": "light_rail","ref_id": "T_0193","service": "metro","source": "Figma Community Map","tunnel": "no"},"geometry": {"coordinates": [[-828.9,-272.9],[-830.75,-284.51],[-835.5,-313.46],[-841.98,-350.9],[-849.0,-388.0]],"type": "LineString"}},
    {"type": "Feature","id": "T_0194","properties": {"bridge": "no","id": 194,"layer": 0,"railway": "light_rail","ref_id": "T_0194","service": "metro","source": "Figma Community Map","tunnel": "no"},"geometry": {"coordinates": [[-844.9,-272.9],[-846.86,-284.54],[-851.85,-313.54],[-858.57,-350.99],[-865.7,-388.0]],"type": "LineString"}},
    {"type": "Feature","id": "T_0195","properties": {"bridge": "no","id": 195,"layer": 0,"railway": "light_rail","ref_id": "T_0195","service": "metro","source": "Figma Community Map","tunnel": "no"},"geometry": {"coordinates": [[-834.6,-272.9],[-839.96,-304.23],[-844.61,-331.21],[-849.44,-358.22],[-855.3,-389.6]],"type": "LineString"}},
    {"type": "Feature","id": "T_0196","properties": {"bridge": "no","id": 196,"layer": 0,"railway": "light_rail","ref_id": "T_0196","service": "metro","source": "Figma Community Map","tunnel": "no"},"geometry": {"coordinates": [[-859.7,-388.7],[-853.89,-357.38],[-849.1,-330.41],[-844.46,-303.47],[-839.1,-272.2]],"type": "LineString"}},
    {"type": "Feature","id": "T_0197","properties": {"bridge": "no","id": 197,"layer": 0,"railway": "light_rail","ref_id": "T_0197","service": "metro","source": "Figma Community Map","tunnel": "no"},"geometry": {"coordinates": [[-1659.5,-169.7],[-1481.0,-398.4],[-1474.47,-412.11],[-1474.25,-426.68],[-1479.96,-440.08],[-1491.2,-450.3],[-1564.2,-492.3],[-1571.02,-495.86],[-1578.1,-498.89],[-1585.41,-501.37],[-1592.9,-503.3],[-1613.7,-507.8],[-1643.0,-516.53],[-1670.46,-529.49],[-1695.7,-546.4],[-1718.3,-567.0],[-1737.02,-586.77],[-1756.78,-607.46],[-1776.49,-627.88],[-1795.1,-646.8],[-1805.49,-656.91],[-1819.66,-670.33],[-1836.4,-685.95],[-1854.5,-702.7],[-1890.86,-730.41],[-1931.39,-750.74],[-1974.97,-763.32],[-2020.5,-767.8],[-2063.5,-768.1],[-2176.9,-768.9],[-2186.7,-766.99],[-2194.71,-761.65],[-2200.12,-753.68],[-2202.1,-743.9],[-2202.1,-711.2],[-2203.63,-703.65],[-2207.79,-697.49],[-2213.95,-693.33],[-2221.5,-691.8],[-2229.05,-693.33],[-2235.21,-697.49],[-2239.37,-703.65],[-2240.9,-711.2],[-2240.9,-841.3],[-2239.36,-848.92],[-2235.15,-855.15],[-2228.92,-859.36],[-2221.3,-860.9],[-2213.68,-859.36],[-2207.45,-855.15],[-2203.24,-848.92],[-2201.7,-841.3],[-2201.7,-807.7],[-2199.73,-797.97],[-2194.38,-790.02],[-2186.43,-784.67],[-2176.7,-782.7],[-2063.4,-782.7],[-2017.2,-779.4],[-1971.66,-772.36],[-1928.2,-758.05],[-1887.74,-736.76],[-1851.2,-708.8],[-1832.43,-691.67],[-1815.09,-675.68],[-1800.5,-661.97],[-1790.0,-651.7],[-1772.2,-633.3],[-1753.34,-613.49],[-1734.38,-593.35],[-1716.3,-574.0],[-1693.13,-552.54],[-1667.11,-535.02],[-1638.72,-521.74],[-1608.4,-513.0],[-1591.5,-509.5],[-1583.71,-507.59],[-1576.1,-505.05],[-1568.72,-501.91],[-1561.6,-498.2],[-1487.7,-455.6],[-1473.3,-442.45],[-1465.99,-425.26],[-1466.23,-406.59],[-1474.5,-389.0],[-1644.6,-169.3],[-1657.07,-156.41],[-1671.87,-146.74],[-1688.45,-140.57],[-1706.2,-138.2],[-1800.8,-136.2],[-1809.17,-135.7],[-1817.46,-134.49],[-1825.62,-132.59],[-1833.6,-130.0],[-1969.3,-79.4],[-1981.35,-75.35],[-1993.62,-72.06],[-2006.09,-69.54],[-2018.7,-67.8],[-2133.4,-56.1],[-2148.52,-52.08],[-2161.39,-43.83],[-2171.16,-32.08],[-2177.0,-17.6],[-2220.2,169.0],[-2229.43,188.44],[-2245.23,201.76],[-2265.03,207.6],[-2286.3,204.6],[-2380.0,169.8],[-2394.03,164.0],[-2407.57,157.12],[-2420.56,149.24],[-2432.9,140.4],[-2436.7,137.5],[-2451.33,122.72],[-2461.52,104.98],[-2466.88,85.24],[-2467.0,64.5],[-2462.15,45.31],[-2452.9,28.14],[-2439.75,13.72],[-2423.2,2.8],[-2385.6,-15.9],[-2376.51,-20.1],[-2367.23,-23.81],[-2357.76,-27.02],[-2348.1,-29.7],[-2331.68,-33.64],[-2312.73,-37.92],[-2292.83,-42.02],[-2273.6,-45.4],[-2250.79,-48.66],[-2226.64,-51.72],[-2207.49,-54.01],[-2199.7,-54.9],[-2018.5,-73.6],[-2006.02,-75.28],[-1993.66,-77.76],[-1981.47,-81.01],[-1969.5,-85.0],[-1833.6,-135.5],[-1825.64,-138.09],[-1817.51,-139.99],[-1809.26,-141.2],[-1800.9,-141.7],[-1711.8,-143.5],[-1696.75,-145.48],[-1682.69,-150.67],[-1670.1,-158.83],[-1659.5,-169.7]],"type": "LineString"}},
    {"type": "Feature","id": "T_0198","properties": {"bridge": "no","id": 198,"layer": 0,"railway": "light_rail","ref_id": "T_0198","service": "metro","source": "Figma Community Map","tunnel": "no"},"geometry": {"coordinates": [[-834.6,-272.9],[-831.44,-250.59],[-829.44,-228.21],[-828.31,-205.55],[-827.8,-182.4],[-825.4,120.2],[-822.11,135.64],[-813.43,148.26],[-800.65,156.78],[-785.1,159.9]],"type": "LineString"}},
    {"type": "Feature","id": "T_0199","properties": {"bridge": "no","id": 199,"layer": 0,"railway": "light_rail","ref_id": "T_0199","service": "metro","source": "Figma Community Map","tunnel": "no"},"geometry": {"coordinates": [[-1292.3,-1349.7],[-1305.0,-1386.2],[-1320.1,-1429.6],[-1322.86,-1447.92],[-1319.0,-1465.44],[-1309.22,-1480.46],[-1294.2,-1491.3],[-1213.0,-1529.6],[-1209.36,-1531.27],[-1205.66,-1532.8],[-1201.9,-1534.18],[-1198.1,-1535.4],[-1097.3,-1562.7],[-1091.51,-1564.24],[-1085.5,-1565.79],[-1079.64,-1567.24],[-1074.3,-1568.5],[-1064.57,-1569.93],[-1054.08,-1570.33],[-1043.39,-1569.93],[-1033.1,-1569.0],[-1020.57,-1565.68],[-1009.79,-1558.99],[-1001.16,-1549.58],[-995.1,-1538.1],[-921.2,-1342.1],[-917.77,-1331.11],[-915.6,-1319.84],[-914.7,-1308.39],[-915.1,-1296.9],[-915.8,-1289.3],[-915.59,-1278.23],[-913.44,-1267.62],[-909.99,-1257.21],[-905.9,-1246.7],[-873.7,-1161.3],[-870.76,-1153.86],[-867.55,-1146.46],[-863.74,-1139.46],[-859.0,-1133.2],[-852.42,-1125.1],[-846.83,-1116.32],[-842.24,-1106.99],[-838.7,-1097.2],[-831.9,-1075.09],[-823.56,-1049.15],[-814.5,-1022.61],[-805.5,-998.7],[-805.01,-997.48],[-804.45,-996.23],[-803.81,-994.93],[-803.1,-993.6],[-787.8,-954.82],[-780.92,-914.61],[-784.51,-874.87],[-800.6,-837.5],[-811.71,-820.44],[-821.79,-805.1],[-830.12,-792.61],[-836.0,-784.1],[-848.95,-766.49],[-864.41,-746.2],[-880.34,-725.68],[-894.7,-707.4],[-901.0,-697.52],[-905.15,-686.7],[-907.05,-675.28],[-906.6,-663.6],[-901.52,-628.98],[-894.94,-586.48],[-887.43,-541.54],[-879.6,-499.6],[-876.37,-484.3],[-873.26,-470.35],[-870.25,-457.3],[-867.3,-444.7],[-864.33,-432.08],[-861.38,-418.99],[-858.38,-404.97],[-855.3,-389.6]],"type": "LineString"}},
    {"type": "Feature","id": "T_0200","properties": {"bridge": "no","id": 200,"layer": 0,"railway": "light_rail","ref_id": "T_0200","service": "metro","source": "Figma Community Map","tunnel": "no"},"geometry": {"coordinates": [[-859.7,-388.7],[-862.78,-404.06],[-865.77,-418.04],[-868.73,-431.1],[-871.7,-443.7],[-874.65,-456.3],[-877.66,-469.36],[-880.77,-483.34],[-884.0,-498.7],[-891.83,-540.77],[-899.34,-585.8],[-905.92,-628.36],[-911.0,-663.0],[-911.53,-675.58],[-909.48,-687.87],[-904.98,-699.53],[-898.2,-710.2],[-883.84,-728.48],[-867.94,-748.97],[-852.54,-769.21],[-839.7,-786.7],[-833.83,-795.18],[-825.54,-807.61],[-815.5,-822.91],[-804.4,-840.0],[-788.9,-875.98],[-785.42,-914.44],[-792.11,-953.55],[-807.1,-991.5],[-807.83,-992.96],[-808.51,-994.36],[-809.14,-995.7],[-809.7,-997.0],[-818.76,-1021.06],[-827.85,-1047.72],[-836.19,-1073.75],[-843.0,-1095.9],[-846.37,-1105.22],[-850.75,-1114.1],[-856.11,-1122.45],[-862.4,-1130.2],[-868.26,-1136.31],[-874.22,-1142.61],[-879.56,-1149.31],[-883.5,-1156.6],[-915.8,-1242.1],[-919.19,-1253.59],[-920.78,-1265.54],[-920.98,-1277.69],[-920.2,-1289.8],[-919.6,-1297.3],[-919.2,-1308.32],[-920.08,-1319.27],[-922.19,-1330.04],[-925.5,-1340.5],[-999.3,-1536.5],[-1004.84,-1547.01],[-1012.66,-1555.54],[-1022.38,-1561.57],[-1033.6,-1564.6],[-1043.73,-1565.46],[-1054.1,-1565.81],[-1064.17,-1565.43],[-1073.4,-1564.1],[-1078.61,-1562.88],[-1084.38,-1561.43],[-1090.33,-1559.85],[-1096.1,-1558.3],[-1168.0,-1539.1],[-1171.6,-1537.92],[-1175.17,-1536.61],[-1178.72,-1535.18],[-1182.2,-1533.6],[-1294.3,-1478.9],[-1306.04,-1470.25],[-1313.73,-1458.36],[-1316.8,-1444.55],[-1314.7,-1430.1],[-1311.8,-1421.7],[-1310.45,-1417.33],[-1309.27,-1412.91],[-1308.28,-1408.44],[-1307.5,-1403.9],[-1305.0,-1386.2]],"type": "LineString"}},
    {"type": "Feature","id": "T_0201","properties": {"bridge": "no","id": 201,"layer": 0,"railway": "light_rail","ref_id": "T_0201","service": "metro","source": "Figma Community Map","tunnel": "no"},"geometry": {"coordinates": [[-839.1,-272.2],[-835.94,-250.11],[-833.94,-227.93],[-832.81,-205.4],[-832.3,-182.3],[-830.0,109.1],[-830.01,114.02],[-829.99,126.27],[-829.87,142.09],[-829.6,157.7],[-828.96,173.4],[-828.12,189.31],[-827.41,201.65],[-827.1,206.6]],"type": "LineString"}},
    {"type": "Feature","id": "T_0202","properties": {"bridge": "no","id": 202,"layer": 0,"railway": "light_rail","ref_id": "T_0202","service": "metro","source": "Figma Community Map","tunnel": "no"},"geometry": {"coordinates": [[-873.8,994.1],[-792.9,994.1]],"type": "LineString"}},
    {"type": "Feature","id": "T_0203","properties": {"bridge": "no","id": 203,"layer": 0,"railway": "light_rail","ref_id": "T_0203","service": "metro","source": "Figma Community Map","tunnel": "no"},"geometry": {"coordinates": [[-560.2,159.9],[-559.5,159.9],[-545.89,157.15],[-534.76,149.64],[-527.25,138.51],[-524.5,124.9],[-524.4,55.5],[-524.4,-34.5],[-524.4,-61.6]],"type": "LineString"}},
    {"type": "Feature","id": "T_0204","properties": {"bridge": "no","id": 204,"layer": 0,"railway": "light_rail","ref_id": "T_0204","service": "metro","source": "Figma Community Map","tunnel": "no"},"geometry": {"coordinates": [[-560.2,159.9],[-541.5,159.9],[-533.93,161.38],[-527.67,165.44],[-523.33,171.5],[-521.5,179.0],[-520.5,203.4],[-517.4,347.3],[-519.18,356.78],[-524.31,364.58],[-532.01,369.86],[-541.5,371.8],[-616.2,371.7]],"type": "LineString"}},
    {"type": "Feature","id": "T_0205","properties": {"bridge": "no","id": 205,"layer": 0,"railway": "light_rail","ref_id": "T_0205","service": "metro","source": "Figma Community Map","tunnel": "no"},"geometry": {"coordinates": [[-560.2,159.9],[-785.1,159.9]],"type": "LineString"}},
    {"type": "Feature","id": "T_0206","properties": {"bridge": "no","id": 206,"layer": 0,"railway": "light_rail","ref_id": "T_0206","service": "metro","source": "Figma Community Map","tunnel": "no"},"geometry": {"coordinates": [[-616.2,371.7],[-643.05,368.38],[-672.36,365.41],[-702.0,363.36],[-729.8,362.8],[-745.82,363.09],[-762.86,363.49],[-779.85,363.94],[-795.7,364.4],[-807.67,362.37],[-817.54,356.06],[-824.23,346.47],[-826.7,334.6],[-826.79,304.0],[-826.83,272.55],[-826.9,240.13],[-827.1,206.6]],"type": "LineString"}},
    {"type": "Feature","id": "T_0207","properties": {"bridge": "no","id": 207,"layer": 0,"railway": "light_rail","ref_id": "T_0207","service": "metro","source": "Figma Community Map","tunnel": "no"},"geometry": {"coordinates": [[-616.2,371.7],[-610.97,372.43],[-605.97,373.14],[-601.24,373.82],[-596.8,374.5],[-586.83,377.9],[-578.95,384.41],[-573.77,393.27],[-571.9,403.7],[-571.9,413.5],[-569.1,667.1],[-569.63,682.27],[-570.86,694.98],[-571.59,708.61],[-570.6,726.6],[-561.6,795.7],[-558.89,809.84],[-555.4,822.06],[-552.43,834.08],[-551.3,847.6],[-551.3,968.7],[-553.76,979.12],[-560.31,987.14],[-569.74,992.28],[-580.8,994.1],[-792.9,994.1]],"type": "LineString"}},
    {"type": "Feature","id": "T_0208","properties": {"bridge": "no","id": 208,"layer": 0,"railway": "light_rail","ref_id": "T_0208","service": "metro","source": "Figma Community Map","tunnel": "no"},"geometry": {"coordinates": [[-792.9,994.1],[-779.52,995.52],[-766.6,998.71],[-753.08,1002.1],[-737.9,1004.09],[-580.8,1004.09],[-567.98,1001.06],[-557.12,993.07],[-549.61,981.74],[-546.8,968.7],[-546.8,847.6],[-547.02,833.64],[-548.0,820.95],[-549.5,808.11],[-551.3,793.7],[-560.3,724.6],[-562.15,707.04],[-563.42,694.05],[-564.21,681.96],[-564.6,667.1],[-567.1,405.7],[-565.1,394.67],[-559.46,385.38],[-550.91,378.67],[-540.2,375.4],[-529.67,373.0],[-521.15,366.98],[-515.48,358.22],[-513.5,347.6],[-515.7,203.8],[-515.67,201.47],[-515.62,195.67],[-515.62,188.19],[-515.7,180.8],[-516.51,167.32],[-517.84,155.49],[-519.15,143.63],[-519.9,130.1],[-519.98,121.4],[-519.97,110.05],[-519.93,100.2],[-519.9,96.0],[-519.94,94.64],[-520.01,91.24],[-520.03,86.85],[-519.9,82.5],[-519.01,75.3],[-517.4,69.0],[-515.79,62.7],[-514.9,55.5],[-514.9,-34.5],[-515.75,-40.52],[-516.99,-45.96],[-518.2,-51.05],[-519.0,-56.0]],"type": "LineString"}},
    {"type": "Feature","id": "T_0209","properties": {"bridge": "no","id": 209,"layer": 0,"railway": "light_rail","ref_id": "T_0209","service": "metro","source": "Figma Community Map","tunnel": "no"},"geometry": {"coordinates": [[-785.1,159.9],[-798.8,161.0],[-809.33,163.89],[-817.91,170.12],[-823.82,178.94],[-826.3,189.6],[-827.1,206.6]],"type": "LineString"}},
    {"type": "Feature","id": "T_0210","properties": {"bridge": "no","id": 210,"layer": 0,"railway": "light_rail","ref_id": "T_0210","service": "metro","source": "Figma Community Map","tunnel": "no"},"geometry": {"coordinates": [[-524.4,-61.6],[-524.4,-178.9],[-525.02,-184.72],[-526.84,-190.22],[-529.76,-195.24],[-533.7,-199.6],[-544.9,-209.7],[-549.5,-214.73],[-552.89,-220.54],[-554.98,-226.93],[-555.7,-233.7],[-555.7,-292.5],[-553.16,-305.04],[-546.23,-315.27],[-535.96,-322.17],[-523.4,-324.7],[-451.0,-324.7],[-430.69,-320.59],[-414.1,-309.4],[-402.91,-292.81],[-398.8,-272.5],[-398.8,-193.5],[-398.8,-154.0],[-398.8,-122.9],[-401.16,-109.8],[-407.65,-100.1],[-417.36,-94.07],[-429.4,-92.0],[-488.6,-92.0],[-499.81,-89.82],[-509.14,-83.83],[-515.67,-74.87],[-518.5,-63.8],[-519.0,-56.0]],"type": "LineString"}},
    {"type": "Feature","id": "T_0211","properties": {"bridge": "no","id": 211,"layer": 0,"railway": "light_rail","ref_id": "T_0211","service": "metro","source": "Figma Community Map","tunnel": "no"},"geometry": {"coordinates": [[-524.4,-61.6],[-521.3,-74.94],[-513.65,-85.77],[-502.55,-93.04],[-489.1,-95.7],[-429.4,-95.7],[-419.29,-97.45],[-410.99,-102.62],[-405.37,-111.14],[-403.3,-122.9],[-403.13,-125.59],[-402.85,-132.67],[-402.79,-142.64],[-403.3,-154.0],[-404.61,-164.52],[-406.46,-173.71],[-408.18,-182.93],[-409.1,-193.5],[-409.1,-272.5],[-411.93,-291.05],[-420.15,-306.21],[-433.32,-316.45],[-451.0,-320.2],[-523.4,-320.2],[-534.2,-318.02],[-543.04,-312.09],[-549.01,-303.28],[-551.2,-292.5],[-551.2,-233.7],[-550.58,-227.88],[-548.76,-222.37],[-545.84,-217.36],[-541.9,-213.0],[-530.7,-202.9],[-526.14,-197.87],[-522.75,-192.06],[-520.63,-185.67],[-519.9,-178.9],[-519.9,-72.2],[-519.79,-67.74],[-519.6,-63.61],[-519.34,-59.73],[-519.0,-56.0]],"type": "LineString"}},
    {"type": "Feature","id": "T_0212","properties": {"bridge": "no","id": 212,"layer": 0,"railway": "light_rail","ref_id": "T_0212","service": "metro","source": "Figma Community Map","tunnel": "no"},"geometry": {"coordinates": [[-812.6,785.3],[-809.23,822.17],[-805.36,866.2],[-803.16,909.33],[-804.8,943.5],[-811.66,968.79],[-824.24,995.16],[-842.19,1021.91],[-865.2,1048.38],[-889.55,1071.89],[-911.61,1090.36],[-932.12,1104.77],[-951.8,1116.07],[-969.55,1124.37],[-985.66,1130.06],[-1003.14,1134.51],[-1025.0,1139.12],[-1064.1,1144.51],[-1106.16,1147.32],[-1139.76,1148.4],[-1153.5,1148.57],[-1268.0,1152.98],[-1281.77,1153.97],[-1296.41,1155.76],[-1310.85,1158.4],[-1324.0,1161.96],[-1347.24,1169.23],[-1371.7,1176.04],[-1396.08,1181.74],[-1419.1,1185.71],[-1458.5,1188.99],[-1507.31,1190.31],[-1560.19,1189.79],[-1611.8,1187.58],[-1630.96,1185.6],[-1652.05,1182.2],[-1673.82,1177.91],[-1695.0,1173.27],[-1732.31,1157.13],[-1761.99,1129.42],[-1781.89,1093.6],[-1789.9,1053.19],[-1788.0,1025.22],[-1780.64,997.97],[-1768.23,972.61],[-1751.2,950.3],[-1738.26,937.55],[-1723.19,924.9],[-1706.97,913.82],[-1690.6,905.8],[-1579.4,866.0],[-1558.52,856.49],[-1539.74,844.26],[-1523.11,829.28],[-1508.7,811.5],[-1488.6,782.4],[-1477.11,762.96],[-1469.0,742.72],[-1464.19,721.48],[-1462.6,699.0],[-1462.7,653.8],[-1462.77,638.66],[-1463.57,625.06],[-1465.99,611.94],[-1470.9,598.2],[-1515.8,497.7],[-1520.75,485.07],[-1524.91,470.94],[-1527.74,456.48],[-1528.7,442.9],[-1528.64,426.62],[-1528.62,411.1],[-1528.64,396.1],[-1528.7,381.4],[-1528.77,366.79],[-1528.81,352.07],[-1528.8,337.02],[-1528.7,321.4],[-1530.0,302.34],[-1534.19,284.27],[-1541.29,267.15],[-1551.3,250.9],[-1559.28,239.85],[-1566.44,229.86],[-1573.05,220.57],[-1579.4,211.6],[-1585.75,202.69],[-1592.36,193.42],[-1599.52,183.45],[-1607.5,172.4],[-1607.5,172.3],[-1607.6,172.2]],"type": "LineString"}},
    {"type": "Feature","id": "T_0213","properties": {"bridge": "no","id": 213,"layer": 0,"railway": "light_rail","ref_id": "T_0213","service": "metro","source": "Figma Community Map","tunnel": "no"},"geometry": {"coordinates": [[-817.5,436.6],[-822.2,-182.4],[-822.47,-205.12],[-823.49,-227.8],[-825.53,-250.41],[-828.9,-272.9]],"type": "LineString"}},
    {"type": "Feature","id": "T_0214","properties": {"bridge": "no","id": 214,"layer": 0,"railway": "light_rail","ref_id": "T_0214","service": "metro","source": "Figma Community Map","tunnel": "no"},"geometry": {"coordinates": [[-1417.7,-359.7],[-1390.7,-380.3],[-1381.75,-388.01],[-1373.84,-396.69],[-1367.03,-406.25],[-1361.4,-416.6],[-1291.8,-564.4],[-1270.58,-600.93],[-1243.54,-632.96],[-1211.38,-659.84],[-1174.8,-680.9],[-1041.5,-743.1],[-996.84,-751.76],[-953.99,-739.98],[-920.04,-711.43],[-902.1,-669.8],[-895.27,-626.27],[-889.16,-586.5],[-882.4,-545.91],[-873.6,-499.9],[-867.27,-470.21],[-861.26,-443.95],[-855.28,-417.69],[-849.0,-388.0]],"type": "LineString"}},
    {"type": "Feature","id": "T_0215","properties": {"bridge": "no","id": 215,"layer": 0,"railway": "light_rail","ref_id": "T_0215","service": "metro","source": "Figma Community Map","tunnel": "no"},"geometry": {"coordinates": [[-1415.3,-356.6],[-1388.3,-377.2],[-1378.98,-385.17],[-1370.73,-394.17],[-1363.63,-404.12],[-1357.8,-414.9],[-1288.2,-562.7],[-1267.29,-598.59],[-1240.7,-630.08],[-1209.08,-656.5],[-1173.1,-677.2],[-1043.5,-737.4],[-1001.97,-746.17],[-963.67,-735.96],[-933.9,-709.57],[-917.9,-669.8],[-911.35,-627.07],[-905.46,-587.14],[-898.85,-546.06],[-890.1,-499.9],[-883.77,-470.27],[-877.86,-443.95],[-871.97,-417.63],[-865.7,-388.0]],"type": "LineString"}},
    {"type": "Feature","id": "T_0216","properties": {"bridge": "no","id": 216,"layer": 0,"railway": "light_rail","ref_id": "T_0216","service": "metro","source": "Figma Community Map","tunnel": "no"},"geometry": {"coordinates": [[-844.9,-272.9],[-841.56,-250.5],[-839.48,-227.84],[-838.4,-205.08],[-838.1,-182.4],[-832.7,436.6]],"type": "LineString"}},
    {"type": "Feature","id": "T_0217","properties": {"bridge": "no","id": 217,"layer": 0,"railway": "light_rail","ref_id": "T_0217","service": "metro","source": "Figma Community Map","tunnel": "no"},"geometry": {"coordinates": [[-820.8,785.3],[-817.72,820.76],[-814.46,861.66],[-812.8,901.61],[-814.5,934.2],[-820.62,958.57],[-832.11,984.81],[-849.02,1011.73],[-871.4,1038.11],[-895.56,1061.69],[-917.39,1080.46],[-937.62,1095.15],[-957.0,1106.46],[-974.15,1114.9],[-989.45,1121.24],[-1006.02,1126.57],[-1027.0,1132.01],[-1065.44,1138.48],[-1106.93,1142.3],[-1140.12,1144.11],[-1153.7,1144.57],[-1268.0,1148.98],[-1281.83,1149.97],[-1296.76,1151.78],[-1311.64,1154.48],[-1325.3,1158.16],[-1348.53,1165.44],[-1372.84,1172.2],[-1396.98,1177.84],[-1419.7,1181.74],[-1458.78,1185.0],[-1507.36,1186.31],[-1560.09,1185.8],[-1611.6,1183.59],[-1630.48,1181.64],[-1651.35,1178.27],[-1672.97,1174.0],[-1694.1,1169.36],[-1730.09,1153.78],[-1758.79,1126.96],[-1778.1,1092.26],[-1785.9,1053.06],[-1784.02,1025.88],[-1776.85,999.4],[-1764.81,974.76],[-1748.3,953.1],[-1735.51,940.49],[-1720.74,928.08],[-1704.97,917.27],[-1689.2,909.5],[-1578.0,869.8],[-1556.59,860.02],[-1537.27,847.46],[-1520.17,832.07],[-1505.4,813.8],[-1485.3,784.6],[-1484.5,783.4],[-1473.07,763.76],[-1464.99,743.25],[-1460.19,721.69],[-1458.6,698.9],[-1458.7,653.8],[-1458.78,638.58],[-1459.62,624.62],[-1462.16,610.94],[-1467.3,596.5],[-1512.2,496.1],[-1517.01,483.75],[-1521.04,470.0],[-1523.77,456.02],[-1524.7,443.0],[-1524.64,426.67],[-1524.62,411.11],[-1524.64,396.1],[-1524.7,381.4],[-1524.77,366.79],[-1524.81,352.07],[-1524.8,337.02],[-1524.7,321.4],[-1526.04,301.68],[-1530.36,283.0],[-1537.71,265.29],[-1548.1,248.5],[-1556.06,237.51],[-1563.19,227.55],[-1569.77,218.27],[-1576.1,209.3],[-1582.45,200.39],[-1589.06,191.13],[-1596.22,181.15],[-1604.2,170.1]],"type": "LineString"}},
    {"type": "Feature","id": "T_0218","properties": {"bridge": "no","id": 218,"layer": 0,"railway": "light_rail","ref_id": "T_0218","service": "metro","source": "Figma Community Map","tunnel": "no"},"geometry": {"coordinates": [[-1604.2,170.1],[-1622.77,129.48],[-1636.7,80.12],[-1645.38,34.03],[-1648.2,3.2],[-1647.48,-15.49],[-1645.76,-33.39],[-1642.79,-50.81],[-1638.3,-68.1],[-1631.54,-85.0],[-1623.59,-99.66],[-1616.97,-109.99],[-1614.2,-113.9],[-1487.8,-276.6],[-1476.24,-290.82],[-1463.02,-306.25],[-1450.22,-320.78],[-1439.9,-332.3],[-1435.68,-337.01],[-1429.74,-343.36],[-1422.73,-350.26],[-1415.3,-356.6]],"type": "LineString"}},
    {"type": "Feature","id": "T_0219","properties": {"bridge": "no","id": 219,"layer": 0,"railway": "light_rail","ref_id": "T_0219","service": "metro","source": "Figma Community Map","tunnel": "no"},"geometry": {"coordinates": [[-1607.6,172.2],[-1629.68,127.54],[-1644.92,77.54],[-1653.75,32.32],[-1656.6,2.0],[-1656.22,-18.17],[-1654.75,-39.38],[-1651.48,-60.92],[-1645.7,-82.1],[-1637.15,-101.65],[-1627.81,-117.75],[-1620.29,-128.68],[-1617.2,-132.7],[-1504.4,-278.9],[-1478.75,-307.09],[-1450.29,-333.14],[-1427.21,-352.26],[-1417.7,-359.7]],"type": "LineString"}}
  ]
}
