{
  "type": "FeatureCollection",
  "name": "roads",
  "crs": { "type": "name", "properties": { "name": "urn:ogc:def:crs:EPSG::4087" } },
  "features": [
    {"type": "Feature","id": 1,"properties": {"bridge": "no","highway": "residential","id": 1,"lanes": 2,"layer": 0,"link": "no","maxspeed": 30,"name": null,"oneway": "no","ref_id": "R_0001","surface": "asphalt","tunnel": "no","turn_lanes": null},"geometry": {"coordinates": [[-4588.03,294.72],[-4571.48,280.58],[-4564.83,265.61],[-4563.17,241.67],[-4568.49,216.73],[-4580.09,165.71]],"type": "LineString"}},
    {"type": "Feature","id": 2,"properties": {"bridge": "no","highway": "residential","id": 2,"lanes": 2,"layer": 0,"link": "no","maxspeed": 30,"name": null,"oneway": "no","ref_id": "R_0002","surface": "asphalt","tunnel": "no","turn_lanes": null},"geometry": {"coordinates": [[-6106.28,4682.44],[-6098.96,4884.64],[-6092.98,4999.05],[-6098.63,5032.97],[-6115.92,5057.91],[-6139.87,5077.87],[-6179.78,5123.76],[-6197.73,5157.35],[-6206.71,5184.95],[-6206.05,5226.19],[-6196.4,5278.07],[-6187.09,5306.01],[-6160.47,5360.32],[-6135.08,5391.83],[-6075.68,5472.29],[-6040.1,5519.85],[-6018.48,5555.76],[-5990.88,5606.31],[-5950.64,5669.84],[-5930.02,5696.11],[-5899.09,5728.37],[-5879.47,5748.65],[-5878.62,5749.83],[-5876.38,5752.93],[-5873.17,5757.33],[-5869.45,5762.41],[-5865.65,5767.54],[-5862.21,5772.08],[-5859.58,5775.42],[-5858.18,5776.92],[-5856.91,5778.65],[-5854.57,5782.59],[-5851.56,5787.99],[-5848.25,5794.09],[-5845.01,5800.15],[-5842.24,5805.4],[-5840.29,5809.11],[-5839.56,5810.51],[-5830.91,5830.8],[-5828.59,5859.07],[-5827.59,5928.57],[-5831.25,6012.05],[-5830.58,6067.25],[-5822.27,6119.13],[-5795.5,6221.48],[-5766.81,6319.78],[-5756.0,6364.46],[-5754.12,6404.44],[-5756.47,6447.24],[-5767.75,6536.13],[-5777.63,6581.75],[-5778.57,6614.67],[-5773.87,6661.23],[-5763.05,6690.86],[-5731.54,6738.83],[-5687.33,6785.87],[-5648.06,6818.32],[-5621.95,6833.13],[-5602.2,6836.9],[-5563.87,6836.9],[-5528.94,6834.49],[-5502.0,6836.15],[-5480.39,6841.47],[-5466.42,6852.44],[-5453.78,6865.08],[-5441.14,6887.03],[-5428.84,6908.98],[-5409.88,6934.26],[-5366.34,6963.65],[-5305.9,7002.92],[-5265.45,7024.08],[-5236.53,7029.49],[-5205.96,7028.79],[-5185.73,7020.22],[-5176.25,7008.42],[-5163.62,6989.3],[-5162.45,6972.67],[-5163.62,6957.2],[-5168.44,6935.42],[-5194.21,6906.15],[-5303.08,6804.91],[-5338.35,6767.99],[-5370.1,6744.71],[-5426.84,6709.77],[-5459.1,6681.5],[-5489.7,6653.57],[-5491.17,6652.12],[-5495.06,6648.3],[-5500.57,6642.9],[-5506.91,6636.71],[-5513.3,6630.51],[-5518.95,6625.11],[-5523.05,6621.29],[-5524.83,6619.84],[-5525.99,6619.27],[-5528.46,6617.75],[-5531.79,6615.6],[-5535.53,6613.14],[-5539.23,6610.68],[-5542.43,6608.53],[-5544.68,6607.01],[-5545.53,6606.44],[-5599.14,6581.98],[-5615.37,6569.75],[-5639.83,6537.54],[-5643.35,6523.43],[-5642.88,6511.2],[-5637.24,6503.91],[-5627.13,6503.44],[-5613.96,6511.9],[-5580.57,6532.6],[-5560.11,6546.0],[-5546.0,6554.47],[-5533.77,6557.99],[-5523.19,6551.88],[-5519.19,6548.12],[-5520.6,6539.89],[-5520.77,6539.46],[-5521.23,6538.33],[-5521.91,6536.73],[-5522.78,6534.86],[-5523.75,6532.96],[-5524.77,6531.26],[-5525.78,6529.96],[-5526.71,6529.31],[-5528.32,6528.63],[-5531.09,6527.28],[-5534.59,6525.5],[-5538.41,6523.51],[-5542.12,6521.56],[-5545.3,6519.88],[-5547.52,6518.7],[-5548.35,6518.25],[-5618.73,6467.66],[-5657.31,6409.13],[-5670.62,6362.9],[-5678.6,6302.38],[-5682.59,6225.22],[-5682.26,6167.35],[-5669.95,6089.53],[-5650.33,6015.7],[-5627.71,5968.15],[-5612.42,5932.56],[-5604.77,5911.61],[-5603.77,5871.7],[-5601.44,5854.74],[-5598.12,5843.43],[-5585.48,5841.11],[-5575.83,5842.77],[-5575.17,5842.99],[-5573.42,5843.57],[-5570.91,5844.42],[-5567.98,5845.43],[-5564.97,5846.5],[-5562.22,5847.54],[-5560.08,5848.43],[-5558.87,5849.09],[-5556.87,5850.37],[-5552.61,5852.92],[-5546.88,5856.3],[-5540.46,5860.06],[-5534.11,5863.76],[-5528.61,5866.95],[-5524.75,5869.19],[-5523.29,5870.04],[-5494.69,5896.65]],"type": "LineString"}},
    {"type": "Feature","id": 3,"properties": {"bridge": "no","highway": "residential","id": 3,"lanes": 2,"layer": 0,"link": "no","maxspeed": 30,"name": null,"oneway": "no","ref_id": "R_0003","surface": "asphalt","tunnel": "no","turn_lanes": null},"geometry": {"coordinates": [[-5765.55,6684.01],[-5733.19,6698.39],[-5657.65,6743.7],[-5620.73,6769.64],[-5587.47,6792.25],[-5570.18,6807.88],[-5564.86,6819.52],[-5563.87,6836.9]],"type": "LineString"}},
    {"type": "Feature","id": 4,"properties": {"bridge": "no","highway": "residential","id": 4,"lanes": 2,"layer": 0,"link": "no","maxspeed": 30,"name": null,"oneway": "no","ref_id": "R_0004","surface": "asphalt","tunnel": "no","turn_lanes": null},"geometry": {"coordinates": [[-3056.64,1471.17],[-3070.6,1486.14],[-3105.52,1508.75],[-3132.13,1526.04],[-3158.73,1548.66],[-3182.68,1578.26],[-3205.29,1618.17],[-3220.92,1654.08],[-3238.55,1702.97],[-3288.22,1872.89],[-3313.62,1952.37],[-3342.31,2023.86],[-3375.9,2076.44],[-3430.11,2130.98],[-3478.66,2165.24],[-3520.23,2189.52],[-3581.43,2212.8],[-3666.36,2232.69],[-3780.18,2235.98],[-3971.13,2236.92]],"type": "LineString"}},
    {"type": "Feature","id": 5,"properties": {"bridge": "no","highway": "residential","id": 5,"lanes": 2,"layer": 0,"link": "no","maxspeed": 30,"name": null,"oneway": "no","ref_id": "R_0005","surface": "asphalt","tunnel": "no","turn_lanes": null},"geometry": {"coordinates": [[-1178.83,1841.38],[-1240.44,1841.85],[-1417.28,1827.74],[-1423.33,1826.44],[-1439.29,1823.03],[-1461.9,1818.19],[-1487.89,1812.63],[-1513.99,1807.04],[-1536.93,1802.14],[-1553.44,1798.61],[-1560.26,1797.16],[-1564.73,1795.56],[-1575.07,1791.6],[-1589.27,1786.1],[-1605.35,1779.82],[-1621.32,1773.57],[-1635.19,1768.13],[-1644.98,1764.29],[-1648.68,1762.83],[-1653.06,1760.38],[-1664.64,1753.89],[-1681.12,1744.65],[-1700.18,1733.97],[-1719.5,1723.12],[-1736.78,1713.43],[-1749.68,1706.16],[-1755.91,1702.63],[-1761.64,1698.65],[-1773.21,1690.22],[-1788.6,1678.86],[-1805.77,1666.12],[-1822.67,1653.54],[-1837.26,1642.64],[-1847.52,1634.98],[-1851.39,1632.08],[-2048.45,1495.22],[-2097.84,1461.36],[-2148.16,1436.43],[-2186.26,1430.78],[-2285.96,1412.44],[-2313.71,1411.5],[-2340.52,1423.26],[-2385.67,1454.77],[-2445.4,1485.81],[-2492.91,1495.22],[-2545.58,1496.63],[-2646.91,1485.8],[-2740.7,1487.13],[-2886.46,1487.19],[-2960.41,1487.22],[-3014.02,1484.86],[-3045.53,1474.99],[-3056.64,1471.16],[-3088.8,1443.95],[-3110.44,1410.55],[-3123.14,1366.81],[-3141.95,1263.81],[-3157.47,1153.76],[-3173.93,1099.67],[-3195.1,1057.34],[-3232.56,1001.58],[-3281.78,953.69],[-3336.99,907.13],[-3341.55,903.75],[-3353.6,894.84],[-3370.68,882.22],[-3390.33,867.72],[-3410.08,853.15],[-3427.48,840.34],[-3440.08,831.12],[-3445.41,827.31],[-3447.25,825.86],[-3450.65,822.85],[-3455.06,818.83],[-3459.91,814.34],[-3464.66,809.91],[-3468.74,806.08],[-3471.6,803.39],[-3472.68,802.37],[-3508.26,759.8],[-3603.71,681.31],[-3649.6,635.42],[-3682.53,586.86],[-3695.16,551.95],[-3697.49,513.7],[-3706.47,415.92],[-3711.46,355.4],[-3717.86,250.51],[-3720.68,-98.24],[-3721.39,-399.95]],"type": "LineString"}},
    {"type": "Feature","id": 6,"properties": {"bridge": "no","highway": "residential","id": 6,"lanes": 2,"layer": 0,"link": "no","maxspeed": 30,"name": null,"oneway": "no","ref_id": "R_0006","surface": "asphalt","tunnel": "no","turn_lanes": null},"geometry": {"coordinates": [[-5616.78,-1386.91],[-5574.45,-1333.29],[-5539.65,-1298.02],[-5509.55,-1277.79],[-5485.56,-1279.2],[-5446.05,-1293.31],[-5391.03,-1316.36],[-5328.07,-1330.38],[-5269.54,-1335.03],[-5112.57,-1332.37],[-4984.86,-1327.05],[-4888.42,-1327.05],[-4813.92,-1320.4],[-4757.39,-1303.11],[-4705.5,-1279.83],[-4651.63,-1239.92],[-4604.4,-1192.03],[-4567.16,-1146.8],[-4466.38,-976.79],[-4360.96,-789.62],[-4297.11,-691.18],[-4235.25,-600.06],[-4177.39,-517.58],[-4150.78,-475.68],[-4113.53,-409.16],[-4086.93,-353.29],[-4047.02,-255.52],[-4023.08,-186.34],[-3997.8,-106.53],[-3981.84,-40.02],[-3971.53,5.88],[-3965.21,77.05]],"type": "LineString"}},
    {"type": "Feature","id": 7,"properties": {"bridge": "no","highway": "residential","id": 7,"lanes": 2,"layer": 0,"link": "no","maxspeed": 30,"name": null,"oneway": "no","ref_id": "R_0007","surface": "asphalt","tunnel": "no","turn_lanes": null},"geometry": {"coordinates": [[-4630.68,390.66],[-4702.51,359.4],[-4731.44,341.44],[-4756.05,300.2],[-4754.39,277.59],[-4743.08,250.32],[-4725.46,225.37],[-4702.18,205.09],[-4657.28,185.8],[-4560.17,160.52],[-4249.55,104.98],[-4117.87,86.14],[-4010.16,78.61],[-3965.21,77.05],[-3809.34,71.09],[-3719.27,76.13],[-3570.12,85.03],[-3565.18,85.9],[-3552.19,88.19],[-3533.87,91.43],[-3512.96,95.13],[-3492.19,98.82],[-3474.29,102.01],[-3462.0,104.22],[-3458.04,104.98],[-3454.23,106.03],[-3442.31,109.0],[-3424.95,113.25],[-3404.79,118.16],[-3384.49,123.08],[-3366.71,127.38],[-3354.09,130.43],[-3349.29,131.59],[-3279.79,151.88],[-3214.6,156.53],[-3127.84,147.28],[-2957.16,108.17],[-2718.66,48.51],[-2648.11,22.17],[-2546.05,-17.8],[-2443.38,-56.64],[-2366.23,-89.9],[-2247.17,-118.5],[-2182.65,-123.16],[-2141.41,-116.51],[-2095.52,-104.53],[-2064.92,-84.58],[-2047.63,-61.3],[-2013.7,-25.38],[-1981.11,-7.42]],"type": "LineString"}},
    {"type": "Feature","id": 8,"properties": {"bridge": "no","highway": "residential","id": 8,"lanes": 2,"layer": 0,"link": "no","maxspeed": 30,"name": null,"oneway": "no","ref_id": "R_0008","surface": "asphalt","tunnel": "no","turn_lanes": null},"geometry": {"coordinates": [[-3655.26,-706.48],[-3656.29,-706.48],[-3659.03,-706.48],[-3662.96,-706.48],[-3667.52,-706.48],[-3672.19,-706.48],[-3676.44,-706.48],[-3679.73,-706.48],[-3681.53,-706.48],[-3683.33,-706.24],[-3686.62,-705.6],[-3690.87,-704.69],[-3695.54,-703.65],[-3700.1,-702.62],[-3704.02,-701.71],[-3706.77,-701.07],[-3707.8,-700.83],[-3822.21,-653.6],[-3916.99,-606.71],[-4111.75,-497.53],[-4150.78,-475.68],[-4277.16,-393.2],[-4361.96,-332.01],[-4535.23,-180.69],[-4608.73,-117.17],[-4736.81,-7.93],[-4801.71,35.81],[-4843.81,60.51],[-4889.43,81.2],[-4953.27,104.98]],"type": "LineString"}},
    {"type": "Feature","id": 9,"properties": {"bridge": "no","highway": "residential","id": 9,"lanes": 2,"layer": 0,"link": "no","maxspeed": 30,"name": null,"oneway": "no","ref_id": "R_0009","surface": "asphalt","tunnel": "no","turn_lanes": null},"geometry": {"coordinates": [[-6313.47,342.77],[-6257.93,321.82],[-6210.04,288.89]],"type": "LineString"}},
    {"type": "Feature","id": 10,"properties": {"bridge": "no","highway": "residential","id": 10,"lanes": 2,"layer": 0,"link": "no","maxspeed": 30,"name": null,"oneway": "no","ref_id": "R_0010","surface": "asphalt","tunnel": "no","turn_lanes": null},"geometry": {"coordinates": [[-6226.34,-706.15],[-6173.46,-672.56],[-6123.24,-638.3],[-6100.63,-617.35],[-6082.67,-597.73],[-6073.35,-576.78],[-6070.36,-541.86],[-6063.12,-468.84],[-6051.36,-426.51],[-6032.08,-382.77],[-6001.03,-330.1],[-5953.53,-251.08],[-5917.32,-195.11],[-5885.81,-160.78],[-5857.12,-145.26],[-5827.96,-142.91],[-5774.81,-142.91],[-5725.9,-140.56],[-5690.6,-129.64],[-5668.99,-115.63],[-5662.87,-102.46],[-5659.58,-82.71],[-5660.52,-56.37]],"type": "LineString"}},
    {"type": "Feature","id": 11,"properties": {"bridge": "no","highway": "residential","id": 11,"lanes": 2,"layer": 0,"link": "no","maxspeed": 30,"name": null,"oneway": "no","ref_id": "R_0011","surface": "asphalt","tunnel": "no","turn_lanes": null},"geometry": {"coordinates": [[-3471.68,-6825.06],[-4091.59,-7188.89],[-4198.76,-7244.76],[-4246.26,-7258.87],[-4297.53,-7256.52],[-4355.85,-7247.58],[-4408.06,-7254.17],[-4445.68,-7274.86],[-4495.06,-7317.19],[-4539.28,-7359.52],[-4567.49,-7374.1],[-4610.76,-7376.92],[-4631.93,-7364.69],[-4710.0,-7311.08]],"type": "LineString"}},
    {"type": "Feature","id": 12,"properties": {"bridge": "no","highway": "residential","id": 12,"lanes": 2,"layer": 0,"link": "no","maxspeed": 30,"name": null,"oneway": "no","ref_id": "R_0012","surface": "asphalt","tunnel": "no","turn_lanes": null},"geometry": {"coordinates": [[-2037.65,-5530.7],[-2000.07,-5454.55],[-1947.33,-5355.48],[-1908.3,-5296.69],[-1873.02,-5253.89],[-1713.11,-5062.47],[-1625.37,-4957.67],[-1530.1,-4850.04],[-1394.71,-4706.44],[-1366.49,-4672.57],[-1351.44,-4642.0],[-1340.15,-4607.67],[-1330.74,-4568.63],[-1313.34,-4520.66],[-1283.71,-4479.74],[-1217.87,-4429.89],[-1176.95,-4391.79],[-1138.38,-4349.93],[-1108.75,-4311.37],[-1074.42,-4264.33],[-1044.79,-4213.54],[-979.42,-4076.05],[-933.52,-3974.95],[-913.57,-3930.39],[-906.25,-3905.11],[-904.68,-3899.88],[-900.52,-3886.03],[-894.61,-3866.39],[-887.8,-3843.76],[-880.92,-3820.93],[-874.83,-3800.73],[-870.35,-3785.95],[-868.34,-3779.4],[-866.9,-3774.89],[-863.93,-3765.46],[-859.97,-3752.82],[-855.54,-3738.66],[-851.17,-3724.7],[-847.39,-3712.62],[-844.73,-3704.13],[-843.73,-3700.92],[-834.42,-3670.99],[-813.8,-3624.43],[-722.01,-3424.22],[-575.02,-3072.37],[-555.06,-3031.13],[-531.12,-3007.18],[-497.86,-2977.92],[-468.6,-2953.31],[-433.34,-2917.39],[-376.46,-2844.9],[-336.01,-2785.17],[-315.32,-2743.79],[-296.51,-2711.33],[-254.65,-2676.06],[-166.62,-2594.8],[-101.32,-2518.5]],"type": "LineString"}},
    {"type": "Feature","id": 13,"properties": {"bridge": "no","highway": "residential","id": 13,"lanes": 2,"layer": 0,"link": "no","maxspeed": 30,"name": null,"oneway": "no","ref_id": "R_0013","surface": "asphalt","tunnel": "no","turn_lanes": null},"geometry": {"coordinates": [[-4357.03,270.97],[-4361.96,180.67],[-4368.44,126.24]],"type": "LineString"}},
    {"type": "Feature","id": 14,"properties": {"bridge": "no","highway": "residential","id": 14,"lanes": 2,"layer": 0,"link": "no","maxspeed": 30,"name": null,"oneway": "no","ref_id": "R_0014","surface": "asphalt","tunnel": "no","turn_lanes": null},"geometry": {"coordinates": [[-4702.18,205.09],[-4732.58,172.21],[-4768.32,156.69],[-4809.24,154.33],[-4857.21,149.16],[-4916.69,126.27],[-4943.28,112.95],[-4953.27,104.98],[-4982.79,76.73],[-5003.48,55.33],[-5004.67,53.73],[-5007.82,49.51],[-5012.29,43.53],[-5017.45,36.63],[-5022.68,29.69],[-5027.34,23.57],[-5030.79,19.11],[-5032.42,17.19],[-5033.74,15.43],[-5036.41,11.41],[-5039.95,5.91],[-5043.89,-0.32],[-5047.77,-6.49],[-5051.13,-11.86],[-5053.48,-15.64],[-5054.37,-17.07],[-5072.66,-35.36],[-5094.61,-48.33],[-5119.88,-54.98],[-5155.8,-55.31],[-5281.84,-54.98],[-5557.88,-58.64],[-5660.52,-56.37],[-5703.21,-48.99],[-5789.34,-13.08],[-5951.65,71.56],[-6036.78,126.12],[-6071.58,155.28]],"type": "LineString"}},
    {"type": "Feature","id": 15,"properties": {"bridge": "no","highway": "residential","id": 15,"lanes": 2,"layer": 0,"link": "no","maxspeed": 30,"name": null,"oneway": "no","ref_id": "R_0015","surface": "asphalt","tunnel": "no","turn_lanes": null},"geometry": {"coordinates": [[-1525.93,950.59],[-1486.89,954.35],[-1449.26,948.71],[-1376.83,944.0],[-1276.18,944.47],[-1216.92,947.77],[-1166.13,957.64],[-1101.23,975.98],[-1034.44,995.74],[-985.06,1003.26],[-930.03,1002.79],[-921.56,1039.95],[-919.68,1076.16],[-921.09,1119.9],[-923.44,1141.54],[-925.79,1185.75],[-925.79,1212.56],[-922.03,1234.66],[-911.69,1260.06],[-909.8,1289.69],[-914.51,1322.14],[-905.1,1403.98],[-891.46,1424.2],[-853.37,1460.89],[-827.5,1479.47],[-817.62,1489.34],[-815.03,1504.39],[-814.33,1515.21],[-810.8,1529.08],[-800.69,1538.26],[-660.15,1658.07],[-635.88,1681.35],[-603.29,1718.27],[-579.01,1737.89],[-566.04,1745.21],[-551.4,1743.88],[-500.19,1715.61],[-434.67,1676.37],[-370.16,1645.1],[-319.6,1620.83]],"type": "LineString"}},
    {"type": "Feature","id": 16,"properties": {"bridge": "no","highway": "residential","id": 16,"lanes": 2,"layer": 0,"link": "no","maxspeed": 30,"name": null,"oneway": "no","ref_id": "R_0016","surface": "asphalt","tunnel": "no","turn_lanes": null},"geometry": {"coordinates": [[-263.07,1709.62],[-311.62,1735.89],[-362.51,1765.49],[-396.1,1780.46],[-422.37,1800.41],[-439.66,1819.04],[-445.65,1837.99],[-444.98,1854.95]],"type": "LineString"}},
    {"type": "Feature","id": 17,"properties": {"bridge": "no","highway": "residential","id": 17,"lanes": 2,"layer": 0,"link": "no","maxspeed": 30,"name": null,"oneway": "no","ref_id": "R_0017","surface": "asphalt","tunnel": "no","turn_lanes": null},"geometry": {"coordinates": [[-178.45,1852.9],[-245.24,1854.78],[-346.59,1855.02],[-444.98,1854.96],[-600.8,1851.02],[-711.37,1846.31],[-718.78,1845.43],[-725.52,1844.55],[-731.59,1843.68],[-736.99,1842.8],[-741.73,1841.93],[-745.8,1841.06],[-749.21,1840.19],[-751.94,1839.33]],"type": "LineString"}},
    {"type": "Feature","id": 18,"properties": {"bridge": "no","highway": "residential","id": 18,"lanes": 2,"layer": 0,"link": "no","maxspeed": 30,"name": null,"oneway": "no","ref_id": "R_0018","surface": "asphalt","tunnel": "no","turn_lanes": null},"geometry": {"coordinates": [[-601.62,1189.15],[-463.94,1327.5],[-423.03,1366.75],[-399.09,1363.75],[-334.24,1345.46]],"type": "LineString"}},
    {"type": "Feature","id": 19,"properties": {"bridge": "no","highway": "residential","id": 19,"lanes": 2,"layer": 0,"link": "no","maxspeed": 30,"name": null,"oneway": "no","ref_id": "R_0019","surface": "asphalt","tunnel": "no","turn_lanes": null},"geometry": {"coordinates": [[-488.4,1473.12],[-545.78,1539.9],[-584.34,1580.82],[-638.9,1631.61],[-660.15,1658.07],[-697.69,1696.05],[-783.76,1796.7]],"type": "LineString"}},
    {"type": "Feature","id": 20,"properties": {"bridge": "no","highway": "residential","id": 20,"lanes": 2,"layer": 0,"link": "no","maxspeed": 30,"name": null,"oneway": "no","ref_id": "R_0020","surface": "asphalt","tunnel": "no","turn_lanes": null},"geometry": {"coordinates": [[-915.0,1563.2],[-814.8,1648.55],[-723.72,1726.48]],"type": "LineString"}},
    {"type": "Feature","id": 21,"properties": {"bridge": "no","highway": "residential","id": 21,"lanes": 2,"layer": 0,"link": "no","maxspeed": 30,"name": null,"oneway": "no","ref_id": "R_0021","surface": "asphalt","tunnel": "no","turn_lanes": null},"geometry": {"coordinates": [[-1295.36,1640.12],[-1256.78,1619.16],[-1206.23,1596.22],[-1162.0,1582.91],[-1108.12,1575.93],[-1020.32,1571.94]],"type": "LineString"}},
    {"type": "Feature","id": 22,"properties": {"bridge": "no","highway": "residential","id": 22,"lanes": 2,"layer": 0,"link": "no","maxspeed": 30,"name": null,"oneway": "no","ref_id": "R_0022","surface": "asphalt","tunnel": "no","turn_lanes": null},"geometry": {"coordinates": [[-982.74,1636.46],[-942.17,1593.56],[-915.0,1563.2],[-876.32,1518.4],[-840.43,1470.18]],"type": "LineString"}},
    {"type": "Feature","id": 23,"properties": {"bridge": "no","highway": "residential","id": 23,"lanes": 2,"layer": 0,"link": "no","maxspeed": 30,"name": null,"oneway": "no","ref_id": "R_0023","surface": "asphalt","tunnel": "no","turn_lanes": null},"geometry": {"coordinates": [[-379.75,-170.19],[-435.72,-193.23],[-561.3,-193.7],[-657.71,-195.58],[-789.87,-194.64],[-897.58,-193.7],[-954.48,-199.35],[-1036.32,-216.28],[-1113.45,-240.26],[-1352.38,-331.51],[-1465.63,-381.23],[-1524.16,-419.14],[-1528.97,-421.63],[-1541.69,-428.21],[-1559.73,-437.56],[-1580.53,-448.32],[-1601.53,-459.19],[-1620.13,-468.81],[-1633.78,-475.86],[-1639.9,-479.0],[-1643.07,-481.01],[-1648.96,-485.04],[-1656.59,-490.4],[-1665.01,-496.38],[-1673.23,-502.26],[-1680.3,-507.34],[-1685.26,-510.91],[-1687.12,-512.26],[-1685.79,-513.59],[-1705.08,-613.36],[-1720.38,-691.18],[-1744.99,-831.53],[-1748.98,-861.46],[-1748.32,-882.74],[-1737.01,-896.71],[-1703.09,-906.02],[-1613.29,-921.32],[-1505.54,-939.94],[-1500.32,-887.83],[-1429.05,-951.92],[-1354.56,-973.2],[-1156.35,-1043.7],[-829.1,-1160.77],[-636.08,-1228.41],[-605.98,-1250.99],[-588.11,-1290.96],[-578.7,-1330.94],[-581.52,-1384.09],[-598.45,-1428.77],[-599.61,-1430.42],[-602.67,-1434.78],[-607.03,-1440.97],[-612.09,-1448.12],[-617.23,-1455.36],[-621.86,-1461.79],[-625.37,-1466.54],[-627.14,-1468.74],[-629.69,-1471.11],[-633.78,-1475.0],[-638.82,-1479.85],[-644.25,-1485.09],[-649.48,-1490.15],[-653.93,-1494.47],[-657.02,-1497.48],[-658.18,-1498.61],[-684.52,-1515.78],[-708.51,-1524.24],[-732.26,-1525.42]],"type": "LineString"}},
    {"type": "Feature","id": 24,"properties": {"bridge": "no","highway": "residential","id": 24,"lanes": 2,"layer": 0,"link": "no","maxspeed": 30,"name": null,"oneway": "no","ref_id": "R_0024","surface": "asphalt","tunnel": "no","turn_lanes": null},"geometry": {"coordinates": [[-881.98,-1240.58],[-814.8,-1266.52],[-743.3,-1292.13],[-716.03,-1311.75],[-703.72,-1338.36],[-705.05,-1366.29],[-717.69,-1392.23],[-741.97,-1413.19],[-762.92,-1417.18],[-791.85,-1413.52],[-933.86,-1361.64]],"type": "LineString"}},
    {"type": "Feature","id": 25,"properties": {"bridge": "no","highway": "residential","id": 25,"lanes": 2,"layer": 0,"link": "no","maxspeed": 30,"name": null,"oneway": "no","ref_id": "R_0025","surface": "asphalt","tunnel": "no","turn_lanes": null},"geometry": {"coordinates": [[-1140.26,-1649.35],[-1236.68,-1682.27]],"type": "LineString"}},
    {"type": "Feature","id": 26,"properties": {"bridge": "no","highway": "residential","id": 26,"lanes": 2,"layer": 0,"link": "no","maxspeed": 30,"name": null,"oneway": "no","ref_id": "R_0026","surface": "asphalt","tunnel": "no","turn_lanes": null},"geometry": {"coordinates": [[-1171.64,-1867.47],[-1202.24,-1779.68],[-1230.12,-1680.03]],"type": "LineString"}},
    {"type": "Feature","id": 27,"properties": {"bridge": "no","highway": "residential","id": 27,"lanes": 2,"layer": 0,"link": "no","maxspeed": 30,"name": null,"oneway": "no","ref_id": "R_0027","surface": "asphalt","tunnel": "no","turn_lanes": null},"geometry": {"coordinates": [[-1202.24,-1779.68],[-1270.75,-1803.62],[-1292.03,-1806.95]],"type": "LineString"}},
    {"type": "Feature","id": 28,"properties": {"bridge": "no","highway": "residential","id": 28,"lanes": 2,"layer": 0,"link": "no","maxspeed": 30,"name": null,"oneway": "no","ref_id": "R_0028","surface": "asphalt","tunnel": "no","turn_lanes": null},"geometry": {"coordinates": [[-1720.64,-1745.29],[-1678.31,-1708.61],[-1645.86,-1684.62],[-1611.05,-1672.39],[-1561.2,-1674.27],[-1528.28,-1678.98],[-1486.89,-1700.14],[-1421.51,-1734.01],[-1378.24,-1758.93],[-1349.09,-1786.68],[-1311.93,-1841.71]],"type": "LineString"}},
    {"type": "Feature","id": 29,"properties": {"bridge": "no","highway": "residential","id": 29,"lanes": 2,"layer": 0,"link": "no","maxspeed": 30,"name": null,"oneway": "no","ref_id": "R_0029","surface": "asphalt","tunnel": "no","turn_lanes": null},"geometry": {"coordinates": [[-1545.68,-2233.02],[-1618.58,-2233.02],[-1659.5,-2229.72],[-1687.72,-2217.5],[-1688.91,-2216.55],[-1692.08,-2214.04],[-1696.6,-2210.5],[-1701.83,-2206.44],[-1707.14,-2202.39],[-1711.92,-2198.84],[-1715.53,-2196.34],[-1717.35,-2195.39],[-1722.72,-2192.2],[-1735.7,-2183.78],[-1753.74,-2171.88],[-1774.26,-2158.24],[-1794.68,-2144.59],[-1812.45,-2132.69],[-1825.0,-2124.27],[-1829.75,-2121.08],[-1987.78,-2019.49],[-2048.45,-1979.98],[-2086.55,-1969.17],[-2125.59,-1969.17],[-2189.08,-1972.93],[-2262.8,-1987.53],[-2778.61,-2117.56],[-2922.61,-2156.14],[-2975.16,-2175.76],[-3041.0,-2219.0],[-3089.27,-2265.94],[-3128.31,-2319.09],[-3172.52,-2389.63],[-3204.5,-2436.67],[-3236.01,-2468.88],[-3269.64,-2488.64],[-3302.09,-2492.4],[-3336.43,-2491.93],[-3372.41,-2478.06],[-3460.37,-2428.85],[-3897.29,-2157.77],[-4108.46,-2012.44]],"type": "LineString"}},
    {"type": "Feature","id": 30,"properties": {"bridge": "no","highway": "residential","id": 30,"lanes": 2,"layer": 0,"link": "no","maxspeed": 30,"name": null,"oneway": "no","ref_id": "R_0030","surface": "asphalt","tunnel": "no","turn_lanes": null},"geometry": {"coordinates": [[-4211.46,-1937.65],[-4366.2,-1829.01],[-4390.18,-1812.08],[-4423.11,-1756.11],[-4498.36,-1791.38]],"type": "LineString"}},
    {"type": "Feature","id": 31,"properties": {"bridge": "no","highway": "residential","id": 31,"lanes": 2,"layer": 0,"link": "no","maxspeed": 30,"name": null,"oneway": "no","ref_id": "R_0031","surface": "asphalt","tunnel": "no","turn_lanes": null},"geometry": {"coordinates": [[-909.8,1289.69],[-1044.79,1291.57],[-1213.63,1294.39],[-1244.2,1286.4],[-1312.87,1263.35],[-1322.75,1250.65],[-1324.16,1227.61],[-1324.63,1078.52],[-1328.39,966.11],[-1327.92,836.3],[-1328.39,782.21],[-1337.79,763.87],[-1368.84,638.3],[-1374.95,601.61],[-1380.16,561.6],[-1381.49,455.51],[-1374.51,361.39],[-1373.51,291.55],[-1364.2,221.38],[-1355.22,163.85],[-1346.24,123.61],[-1326.28,92.01],[-1296.69,45.45],[-1247.8,-23.72],[-1218.86,-63.3],[-1207.89,-81.92],[-1198.91,-89.24],[-1181.95,-92.89]],"type": "LineString"}},
    {"type": "Feature","id": 32,"properties": {"bridge": "no","highway": "residential","id": 32,"lanes": 2,"layer": 0,"link": "no","maxspeed": 30,"name": null,"oneway": "no","ref_id": "R_0032","surface": "asphalt","tunnel": "no","turn_lanes": null},"geometry": {"coordinates": [[-1469.49,740.36],[-1441.74,707.43],[-1339.21,581.39],[-1294.06,525.89],[-1254.55,471.33],[-1247.97,448.76],[-1245.61,422.42],[-1213.16,276.62],[-1198.58,197.13],[-1189.65,48.98],[-1186.35,-19.21],[-1181.95,-92.89],[-1177.89,-187.12],[-1172.71,-236.97],[-1157.66,-287.3],[-1129.92,-369.13],[-1115.34,-406.29],[-1089.47,-446.27],[-1068.77,-471.19],[-1054.66,-480.6],[-1026.92,-486.71],[-989.29,-486.24],[-946.02,-473.07],[-911.69,-463.2],[-894.76,-456.14],[-875.0,-454.26],[-837.85,-458.96],[-712.04,-483.66],[-590.32,-506.27],[-455.96,-534.21]],"type": "LineString"}},
    {"type": "Feature","id": 33,"properties": {"bridge": "no","highway": "residential","id": 33,"lanes": 2,"layer": 0,"link": "no","maxspeed": 30,"name": null,"oneway": "no","ref_id": "R_0033","surface": "asphalt","tunnel": "no","turn_lanes": null},"geometry": {"coordinates": [[-3989.15,-2292.16],[-3946.59,-2228.31],[-3897.29,-2157.77],[-3830.19,-2059.37],[-3559.6,-1658.28],[-3435.9,-1477.21],[-3416.15,-1440.05],[-3404.86,-1408.54],[-3394.51,-1364.8],[-3386.99,-1327.65],[-3375.23,-1288.61],[-3352.18,-1243.93],[-3331.49,-1209.6],[-3274.58,-1139.52]],"type": "LineString"}},
    {"type": "Feature","id": 34,"properties": {"bridge": "no","highway": "residential","id": 34,"lanes": 2,"layer": 0,"link": "no","maxspeed": 30,"name": null,"oneway": "no","ref_id": "R_0034","surface": "asphalt","tunnel": "no","turn_lanes": null},"geometry": {"coordinates": [[-1616.7,-2347.77],[-1707.47,-2332.25],[-1855.15,-2304.98],[-1928.99,-2292.28],[-1985.43,-2289.46],[-2042.81,-2293.69],[-2141.58,-2322.85],[-2152.39,-2319.09],[-2279.38,-2355.3],[-2309.01,-2372.7],[-2324.06,-2394.81],[-2338.17,-2427.26],[-2337.23,-2461.12],[-2330.64,-2494.52],[-2326.88,-2527.91],[-2332.06,-2548.13],[-2358.39,-2608.8],[-2440.7,-2751.78],[-2494.93,-2839.9],[-2529.52,-2914.06],[-2545.48,-2969.27],[-2553.13,-3038.78],[-2557.12,-3136.22],[-2567.1,-3266.25],[-2575.74,-3375.67],[-2581.06,-3475.1],[-2590.04,-3582.52],[-2594.03,-3612.46],[-2597.36,-3624.1],[-2605.01,-3631.74],[-2623.3,-3631.74],[-2785.45,-3620.23],[-2796.73,-3617.41],[-2800.97,-3610.82],[-2801.2,-3594.6],[-2791.58,-3474.44],[-2774.29,-3290.53],[-2764.97,-3192.09],[-2758.99,-3103.63]],"type": "LineString"}},
    {"type": "Feature","id": 35,"properties": {"bridge": "no","highway": "residential","id": 35,"lanes": 2,"layer": 0,"link": "no","maxspeed": 30,"name": null,"oneway": "no","ref_id": "R_0035","surface": "asphalt","tunnel": "no","turn_lanes": null},"geometry": {"coordinates": [[-3341.84,-1226.76],[-3282.78,-1259.87],[-3156.07,-1343.35],[-3031.69,-1424.16],[-2967.17,-1477.7],[-2939.24,-1523.6],[-2915.96,-1573.82],[-2899.33,-1625.36],[-2878.05,-1717.49],[-2849.11,-1834.22],[-2812.53,-1978.55],[-2794.57,-2045.73],[-2764.97,-2148.83],[-2738.7,-2237.62],[-2708.77,-2339.39],[-2683.49,-2424.52],[-2662.88,-2470.09],[-2633.61,-2509.33],[-2602.68,-2540.92],[-2563.44,-2571.85],[-2498.25,-2613.09],[-2428.08,-2658.98],[-2399.55,-2680.29]],"type": "LineString"}},
    {"type": "Feature","id": 36,"properties": {"bridge": "no","highway": "residential","id": 36,"lanes": 2,"layer": 0,"link": "no","maxspeed": 30,"name": null,"oneway": "no","ref_id": "R_0036","surface": "asphalt","tunnel": "no","turn_lanes": null},"geometry": {"coordinates": [[-3559.6,-1658.28],[-3379.89,-1779.01],[-3244.95,-1860.99],[-3172.05,-1907.08],[-3105.27,-1943.3],[-3046.0,-1975.75],[-3002.74,-1998.33],[-2965.11,-2008.2],[-2927.48,-2011.97],[-2881.86,-2012.43],[-2838.59,-2005.38],[-2806.72,-2000.27]],"type": "LineString"}},
    {"type": "Feature","id": 37,"properties": {"bridge": "no","highway": "residential","id": 37,"lanes": 2,"layer": 0,"link": "no","maxspeed": 30,"name": null,"oneway": "no","ref_id": "R_0037","surface": "asphalt","tunnel": "no","turn_lanes": null},"geometry": {"coordinates": [[-3219.32,2809.3],[-3232.25,2787.08],[-3255.53,2765.79],[-3278.34,2758.97],[-3324.2,2753.57],[-3490.64,2745.57],[-3619.01,2744.24],[-3693.17,2746.23],[-3726.76,2749.89],[-3754.36,2748.9],[-3769.33,2745.24],[-3786.62,2730.6],[-3797.26,2710.65],[-3833.51,2616.2],[-3881.73,2483.51],[-3944.26,2318.89],[-3960.22,2279.31],[-3971.13,2236.92],[-3974.52,2189.85],[-3975.52,2116.68],[-3975.19,2022.24],[-3977.18,1995.3],[-3986.16,1978.34],[-4002.13,1959.71],[-4025.74,1937.43],[-4198.01,1813.38],[-4311.08,1741.22],[-4352.98,1718.27],[-4388.9,1706.63],[-4421.83,1703.64],[-4506.63,1704.3],[-4658.95,1698.98],[-4758.45,1693.23],[-4820.53,1694.64]],"type": "LineString"}},
    {"type": "Feature","id": 38,"properties": {"bridge": "no","highway": "residential","id": 38,"lanes": 2,"layer": 0,"link": "no","maxspeed": 30,"name": null,"oneway": "no","ref_id": "R_0038","surface": "asphalt","tunnel": "no","turn_lanes": null},"geometry": {"coordinates": [[-670.13,1118.65],[-749.95,1043.49],[-766.58,1020.87],[-766.58,995.6],[-743.96,880.53],[-725.34,737.53],[-715.36,666.36],[-704.05,547.3],[-694.74,435.56],[-685.43,335.12],[-669.47,243.33],[-665.48,170.83],[-661.48,57.76],[-658.16,-95.89],[-657.71,-195.58],[-675.45,-324.69],[-703.39,-469.69],[-706.06,-484.77],[-711.33,-509.99]],"type": "LineString"}},
    {"type": "Feature","id": 39,"properties": {"bridge": "no","highway": "residential","id": 39,"lanes": 2,"layer": 0,"link": "no","maxspeed": 30,"name": null,"oneway": "no","ref_id": "R_0039","surface": "asphalt","tunnel": "no","turn_lanes": null},"geometry": {"coordinates": [[-2204.38,1427.45],[-2291.14,1475.47],[-2408.72,1542.25],[-2532.88,1604.81],[-2644.92,1662.06],[-2688.15,1697.98],[-2715.42,1739.22],[-2731.38,1786.45],[-2724.73,1843.65],[-2708.1,1879.56],[-2684.82,1908.83],[-2645.25,1950.07],[-2625.3,1984.99],[-2616.65,2014.59],[-2606.67,2071.79],[-2593.7,2204.81],[-2592.37,2349.15],[-2594.37,2495.48],[-2591.04,2554.68],[-2585.06,2617.86],[-2577.07,2675.73],[-2575.08,2707.66],[-2573.75,2732.27],[-2578.4,2773.51],[-2601.02,2925.16],[-2606.34,2991.0],[-2608.33,3124.7],[-2606.34,3207.84],[-2599.02,3269.03],[-2591.04,3305.61],[-2580.4,3360.82],[-2555.79,3446.62],[-2539.82,3509.81],[-2520.54,3576.32],[-2503.24,3616.9],[-2491.27,3642.84],[-2471.98,3661.46],[-2456.02,3675.43],[-2445.04,3689.73],[-2436.73,3712.34],[-2427.42,3754.91],[-2415.44,3780.85],[-2399.48,3806.13]],"type": "LineString"}},
    {"type": "Feature","id": 40,"properties": {"bridge": "no","highway": "residential","id": 40,"lanes": 2,"layer": 0,"link": "no","maxspeed": 30,"name": null,"oneway": "no","ref_id": "R_0040","surface": "asphalt","tunnel": "no","turn_lanes": null},"geometry": {"coordinates": [[-1178.83,1841.38],[-1154.37,1874.3],[-1120.98,1905.81],[-1072.07,1929.8],[-1004.81,1958.02],[-929.09,1989.06],[-886.76,2011.63],[-863.24,2031.39],[-842.55,2055.84],[-830.79,2085.94],[-803.16,2167.57],[-781.87,2225.43],[-763.25,2279.31],[-755.27,2323.87],[-747.29,2377.08],[-747.29,2420.98],[-746.62,2586.6],[-746.62,2811.42],[-747.29,2885.91],[-745.29,2932.47],[-744.63,2984.35],[-731.99,3042.88],[-718.69,3097.43],[-714.03,3149.97],[-714.69,3208.5],[-715.36,3311.6],[-720.68,3458.59],[-729.99,3606.25],[-739.97,3753.91],[-743.96,3884.95],[-749.28,3943.48],[-755.93,3968.09]],"type": "LineString"}},
    {"type": "Feature","id": 41,"properties": {"bridge": "no","highway": "residential","id": 41,"lanes": 2,"layer": 0,"link": "no","maxspeed": 30,"name": null,"oneway": "no","ref_id": "R_0041","surface": "asphalt","tunnel": "no","turn_lanes": null},"geometry": {"coordinates": [[-1371.19,2406.23],[-1358.02,2445.74],[-1351.91,2481.01],[-1345.79,2540.28],[-1352.38,2593.42],[-1356.14,2715.24],[-1353.79,2864.33],[-1355.2,3012.95],[-1353.79,3096.67],[-1349.09,3125.83],[-1342.03,3149.81],[-1329.8,3176.15],[-1310.52,3203.9],[-1289.35,3246.23],[-1270.54,3286.21],[-1259.72,3321.01],[-1257.37,3358.63],[-1253.61,3479.04],[-1255.49,3559.46],[-1263.02,3639.89],[-1279.48,3716.08],[-1301.58,3788.98],[-1318.04,3832.25],[-1335.45,3874.11],[-1342.5,3915.97],[-1345.32,3969.11],[-1348.14,4015.2],[-1361.31,4080.58],[-1397.06,4160.53],[-1461.64,4248.77],[-1497.56,4298.66],[-1530.15,4333.25],[-1544.78,4353.2],[-1544.12,4387.12],[-1516.85,4429.03],[-1473.61,4470.26],[-1427.05,4524.14],[-1379.16,4554.07],[-1322.63,4571.36],[-1259.44,4574.03],[-1202.9,4566.71],[-1122.42,4530.13],[-1045.93,4458.29],[-966.12,4369.83],[-747.29,4071.18],[-694.74,3994.03],[-528.37,3754.65],[-273.71,3435.98],[-211.85,3345.19],[-162.3,3275.68],[-115.41,3225.8],[-45.35,3157.34],[41.66,3099.49],[70.82,3078.32],[83.51,3064.68],[98.43,3036.23],[104.75,3015.28],[119.05,2994.66],[127.7,2985.35],[144.66,2979.03],[170.93,2979.36]],"type": "LineString"}},
    {"type": "Feature","id": 42,"properties": {"bridge": "no","highway": "residential","id": 42,"lanes": 2,"layer": 0,"link": "no","maxspeed": 30,"name": null,"oneway": "no","ref_id": "R_0042","surface": "asphalt","tunnel": "no","turn_lanes": null},"geometry": {"coordinates": [[-2069.62,-5280.23],[-2142.52,-5294.34],[-2166.97,-5299.51],[-2175.91,-5307.98],[-2180.61,-5337.61],[-2186.73,-5371.0],[-2197.54,-5400.16],[-2224.82,-5443.9],[-2269.97,-5523.39],[-2291.14,-5555.37],[-2307.6,-5568.07],[-2363.1,-5598.64],[-2389.44,-5609.45],[-2403.55,-5620.74],[-2402.14,-5637.2],[-2379.56,-5658.37],[-2360.75,-5678.12],[-2347.58,-5705.4],[-2341.93,-5726.56],[-2350.87,-5735.5],[-2333.94,-5771.71],[-2324.06,-5791.0],[-2293.02,-5822.98],[-2249.75,-5856.84],[-2237.99,-5865.31]],"type": "LineString"}},
    {"type": "Feature","id": 43,"properties": {"bridge": "no","highway": "residential","id": 43,"lanes": 2,"layer": 0,"link": "no","maxspeed": 30,"name": null,"oneway": "no","ref_id": "R_0043","surface": "asphalt","tunnel": "no","turn_lanes": null},"geometry": {"coordinates": [[-2219.18,-5727.03],[-2195.66,-5767.95],[-2191.43,-5804.64],[-2201.31,-5835.68],[-2222.0,-5855.9],[-2237.99,-5865.31],[-2278.91,-5886.0],[-2349.46,-5928.8],[-2350.7,-5929.98],[-2353.98,-5933.07],[-2358.66,-5937.46],[-2364.1,-5942.5],[-2369.64,-5947.56],[-2374.66,-5952.02],[-2378.49,-5955.22],[-2380.5,-5956.55],[-2382.1,-5957.86],[-2384.87,-5961.01],[-2388.38,-5965.39],[-2392.2,-5970.37],[-2395.91,-5975.32],[-2399.08,-5979.63],[-2401.3,-5982.68],[-2402.13,-5983.83],[-2448.7,-6062.84],[-2485.38,-6127.28],[-2513.13,-6183.25],[-2547.46,-6236.39],[-2590.26,-6296.59],[-2679.62,-6399.59],[-2719.41,-6437.95],[-2778.28,-6481.18],[-2881.7,-6556.67],[-2993.12,-6627.84],[-3005.75,-6633.17],[-3014.73,-6624.19],[-3049.3,-6572.2],[-3062.94,-6548.69],[-3079.87,-6520.0],[-3094.92,-6492.72],[-3099.62,-6474.85]],"type": "LineString"}},
    {"type": "Feature","id": 44,"properties": {"bridge": "no","highway": "residential","id": 44,"lanes": 2,"layer": 0,"link": "no","maxspeed": 30,"name": null,"oneway": "no","ref_id": "R_0044","surface": "asphalt","tunnel": "no","turn_lanes": null},"geometry": {"coordinates": [[-2537.12,-6026.63],[-2584.15,-6000.29],[-2626.01,-5980.07],[-2653.29,-5982.42],[-2666.93,-5996.06],[-2688.09,-6033.21],[-2730.89,-6103.29],[-2747.82,-6145.62],[-2755.82,-6161.61],[-2772.75,-6192.18],[-2807.08,-6234.04],[-2861.17,-6284.37],[-2914.31,-6328.58],[-3008.85,-6403.83],[-3078.93,-6460.74],[-3099.62,-6474.85],[-3187.67,-6541.04],[-3254.18,-6584.28],[-3266.15,-6598.25],[-3264.82,-6616.87],[-3254.18,-6634.83],[-3230.9,-6676.07]],"type": "LineString"}},
    {"type": "Feature","id": 45,"properties": {"bridge": "no","highway": "residential","id": 45,"lanes": 2,"layer": 0,"link": "no","maxspeed": 30,"name": null,"oneway": "no","ref_id": "R_0045","surface": "asphalt","tunnel": "no","turn_lanes": null},"geometry": {"coordinates": [[-3182.35,-6617.54],[-3124.48,-6700.01],[-3044.66,-6647.47],[-3014.73,-6624.19]],"type": "LineString"}},
    {"type": "Feature","id": 46,"properties": {"bridge": "no","highway": "residential","id": 46,"lanes": 2,"layer": 0,"link": "no","maxspeed": 30,"name": null,"oneway": "no","ref_id": "R_0046","surface": "asphalt","tunnel": "no","turn_lanes": null},"geometry": {"coordinates": [[-2778.28,-6481.18],[-2808.54,-6429.63],[-2825.5,-6407.02],[-2844.12,-6392.72],[-2870.73,-6375.09],[-2889.69,-6356.47],[-2914.31,-6328.58]],"type": "LineString"}},
    {"type": "Feature","id": 47,"properties": {"bridge": "no","highway": "residential","id": 47,"lanes": 2,"layer": 0,"link": "no","maxspeed": 30,"name": null,"oneway": "no","ref_id": "R_0047","surface": "asphalt","tunnel": "no","turn_lanes": null},"geometry": {"coordinates": [[-2996.01,-6393.6],[-2929.26,-6475.2]],"type": "LineString"}},
    {"type": "Feature","id": 48,"properties": {"bridge": "no","highway": "residential","id": 48,"lanes": 2,"layer": 0,"link": "no","maxspeed": 30,"name": null,"oneway": "no","ref_id": "R_0048","surface": "asphalt","tunnel": "no","turn_lanes": null},"geometry": {"coordinates": [[-2747.82,-6145.62],[-2694.2,-6185.83],[-2657.75,-6207.94]],"type": "LineString"}},
    {"type": "Feature","id": 49,"properties": {"bridge": "no","highway": "residential","id": 49,"lanes": 2,"layer": 0,"link": "no","maxspeed": 30,"name": null,"oneway": "no","ref_id": "R_0049","surface": "asphalt","tunnel": "no","turn_lanes": null},"geometry": {"coordinates": [[-2642.23,-6172.43],[-2571.92,-6211.0],[-2542.64,-6228.93]],"type": "LineString"}},
    {"type": "Feature","id": 50,"properties": {"bridge": "no","highway": "residential","id": 50,"lanes": 2,"layer": 0,"link": "no","maxspeed": 30,"name": null,"oneway": "no","ref_id": "R_0050","surface": "asphalt","tunnel": "no","turn_lanes": null},"geometry": {"coordinates": [[-2485.38,-6127.28],[-2580.4,-6071.13]],"type": "LineString"}},
    {"type": "Feature","id": 51,"properties": {"bridge": "no","highway": "residential","id": 51,"lanes": 2,"layer": 0,"link": "no","maxspeed": 30,"name": null,"oneway": "no","ref_id": "R_0051","surface": "asphalt","tunnel": "no","turn_lanes": null},"geometry": {"coordinates": [[-2380.5,-5956.55],[-2477.39,-5890.24]],"type": "LineString"}},
    {"type": "Feature","id": 52,"properties": {"bridge": "no","highway": "residential","id": 52,"lanes": 2,"layer": 0,"link": "no","maxspeed": 30,"name": null,"oneway": "no","ref_id": "R_0052","surface": "asphalt","tunnel": "no","turn_lanes": null},"geometry": {"coordinates": [[-2356.83,-5935.75],[-2449.17,-5861.55]],"type": "LineString"}},
    {"type": "Feature","id": 53,"properties": {"bridge": "no","highway": "residential","id": 53,"lanes": 2,"layer": 0,"link": "no","maxspeed": 30,"name": null,"oneway": "no","ref_id": "R_0053","surface": "asphalt","tunnel": "no","turn_lanes": null},"geometry": {"coordinates": [[-2148.16,-5664.95],[-2182.02,-5628.27],[-2218.24,-5600.99],[-2231.88,-5596.76],[-2291.14,-5555.37]],"type": "LineString"}},
    {"type": "Feature","id": 54,"properties": {"bridge": "no","highway": "residential","id": 54,"lanes": 2,"layer": 0,"link": "no","maxspeed": 30,"name": null,"oneway": "no","ref_id": "R_0054","surface": "asphalt","tunnel": "no","turn_lanes": null},"geometry": {"coordinates": [[-2370.15,-5668.24],[-2319.83,-5647.08],[-2287.38,-5632.5],[-2257.75,-5616.98],[-2231.88,-5596.76],[-2215.42,-5576.06],[-2196.13,-5547.84],[-2167.91,-5500.81],[-2144.87,-5454.72],[-2134.05,-5414.27],[-2130.52,-5389.34]],"type": "LineString"}},
    {"type": "Feature","id": 55,"properties": {"bridge": "no","highway": "residential","id": 55,"lanes": 2,"layer": 0,"link": "no","maxspeed": 30,"name": null,"oneway": "no","ref_id": "R_0055","surface": "asphalt","tunnel": "no","turn_lanes": null},"geometry": {"coordinates": [[-2192.14,-5385.58],[-2152.39,-5390.28],[-2130.52,-5389.34],[-2099.72,-5388.4],[-2073.38,-5387.46],[-2052.69,-5386.52]],"type": "LineString"}},
    {"type": "Feature","id": 56,"properties": {"bridge": "no","highway": "residential","id": 56,"lanes": 2,"layer": 0,"link": "no","maxspeed": 30,"name": null,"oneway": "no","ref_id": "R_0056","surface": "asphalt","tunnel": "no","turn_lanes": null},"geometry": {"coordinates": [[-6384.35,-6525.17],[-6350.48,-6512.94],[-6333.08,-6503.54],[-6330.73,-6493.19],[-6337.31,-6473.9],[-6358.48,-6431.58],[-6359.42,-6418.88],[-6361.77,-6398.65],[-6372.59,-6367.14],[-6418.21,-6266.49],[-6439.84,-6240.63],[-6454.42,-6238.27],[-6477.47,-6247.68],[-6487.82,-6259.91],[-6484.52,-6282.95],[-6480.76,-6290.95]],"type": "LineString"}},
    {"type": "Feature","id": 57,"properties": {"bridge": "no","highway": "residential","id": 57,"lanes": 2,"layer": 0,"link": "no","maxspeed": 30,"name": null,"oneway": "no","ref_id": "R_0057","surface": "asphalt","tunnel": "no","turn_lanes": null},"geometry": {"coordinates": [[-6416.8,-6456.5],[-6358.48,-6431.58]],"type": "LineString"}},
    {"type": "Feature","id": 58,"properties": {"bridge": "no","highway": "residential","id": 58,"lanes": 2,"layer": 0,"link": "no","maxspeed": 30,"name": null,"oneway": "no","ref_id": "R_0058","surface": "asphalt","tunnel": "no","turn_lanes": null},"geometry": {"coordinates": [[-2974.16,-3278.56],[-2774.29,-3290.53],[-2616.32,-3305.83],[-2489.94,-3317.14],[-2358.91,-3317.14],[-2287.07,-3319.13]],"type": "LineString"}},
    {"type": "Feature","id": 59,"properties": {"bridge": "no","highway": "residential","id": 59,"lanes": 2,"layer": 0,"link": "no","maxspeed": 30,"name": null,"oneway": "no","ref_id": "R_0059","surface": "asphalt","tunnel": "no","turn_lanes": null},"geometry": {"coordinates": [[-2965.58,-3126.63],[-2974.16,-3278.56],[-2980.16,-3318.52],[-2984.39,-3338.27],[-2930.31,-3385.77],[-2871.04,-3429.98],[-2816.02,-3464.32],[-2791.58,-3474.44],[-2736.53,-3490.66],[-2657.99,-3505.71],[-2611.43,-3511.35],[-2528.65,-3518.41],[-2420.01,-3521.7],[-2363.57,-3524.05],[-2317.01,-3520.76],[-2295.84,-3518.88],[-2286.91,-3508.06],[-2284.08,-3483.6],[-2285.02,-3450.68],[-2285.97,-3385.3],[-2287.07,-3319.13],[-2277.03,-3294.06],[-2265.79,-3249.96],[-2263.46,-3228.01],[-2263.46,-3180.45],[-2262.47,-3142.87]],"type": "LineString"}},
    {"type": "Feature","id": 60,"properties": {"bridge": "no","highway": "residential","id": 60,"lanes": 2,"layer": 0,"link": "no","maxspeed": 30,"name": null,"oneway": "no","ref_id": "R_0060","surface": "asphalt","tunnel": "no","turn_lanes": null},"geometry": {"coordinates": [[-2764.97,-3192.09],[-2670.69,-3200.0],[-2562.8,-3210.22],[-2534.53,-3212.11],[-2473.15,-3215.52],[-2395.55,-3220.22],[-2330.65,-3219.75],[-2283.61,-3219.75],[-2263.46,-3219.75],[-2232.58,-3219.52],[-2202.48,-3219.52],[-2184.61,-3215.99],[-2164.15,-3206.11],[-2151.69,-3194.59],[-2109.15,-3152.85],[-2006.39,-3058.73],[-1983.77,-3037.11],[-1955.17,-3020.15],[-1935.55,-3011.51],[-1902.96,-2991.88],[-1869.7,-2968.94],[-1846.09,-2946.99],[-1772.37,-2868.89],[-1759.21,-2854.78],[-1755.91,-2840.2],[-1760.15,-2819.98],[-1763.91,-2795.05],[-1763.44,-2768.71],[-1760.62,-2739.55],[-1752.62,-2708.51],[-1738.98,-2676.53],[-1721.35,-2654.66],[-1699.71,-2641.73],[-1659.73,-2625.27],[-1636.45,-2614.92],[-1613.88,-2599.16],[-1599.06,-2582.7],[-1565.43,-2521.79],[-1543.33,-2471.0],[-1523.58,-2431.49],[-1496.3,-2395.75],[-1473.25,-2366.12],[-1445.5,-2337.43],[-1422.46,-2314.38]],"type": "LineString"}},
    {"type": "Feature","id": 61,"properties": {"bridge": "no","highway": "residential","id": 61,"lanes": 2,"layer": 0,"link": "no","maxspeed": 30,"name": null,"oneway": "no","ref_id": "R_0061","surface": "asphalt","tunnel": "no","turn_lanes": null},"geometry": {"coordinates": [[-1801.64,-2314.86],[-1789.22,-2285.84],[-1775.92,-2263.56],[-1752.31,-2243.61],[-1730.36,-2231.3],[-1720.71,-2223.32],[-1712.73,-2216.34],[-1705.72,-2203.46]],"type": "LineString"}},
    {"type": "Feature","id": 62,"properties": {"bridge": "no","highway": "residential","id": 62,"lanes": 2,"layer": 0,"link": "no","maxspeed": 30,"name": null,"oneway": "no","ref_id": "R_0062","surface": "asphalt","tunnel": "no","turn_lanes": null},"geometry": {"coordinates": [[-1918.95,-2294.0],[-1911.94,-2257.58],[-1904.62,-2223.65],[-1895.31,-2203.03],[-1878.68,-2182.75],[-1846.76,-2152.15],[-1822.97,-2125.64]],"type": "LineString"}},
    {"type": "Feature","id": 63,"properties": {"bridge": "no","highway": "residential","id": 63,"lanes": 2,"layer": 0,"link": "no","maxspeed": 30,"name": null,"oneway": "no","ref_id": "R_0063","surface": "asphalt","tunnel": "no","turn_lanes": null},"geometry": {"coordinates": [[-1775.92,-2263.56],[-1834.12,-2228.31],[-1894.64,-2191.06],[-2031.66,-2100.94],[-2062.26,-2082.31],[-2086.2,-2077.32]],"type": "LineString"}},
    {"type": "Feature","id": 64,"properties": {"bridge": "no","highway": "residential","id": 64,"lanes": 2,"layer": 0,"link": "no","maxspeed": 30,"name": null,"oneway": "no","ref_id": "R_0064","surface": "asphalt","tunnel": "no","turn_lanes": null},"geometry": {"coordinates": [[-1971.9,-2029.7],[-2007.05,-2076.33],[-2024.66,-2105.54]],"type": "LineString"}},
    {"type": "Feature","id": 65,"properties": {"bridge": "no","highway": "residential","id": 65,"lanes": 2,"layer": 0,"link": "no","maxspeed": 30,"name": null,"oneway": "no","ref_id": "R_0065","surface": "asphalt","tunnel": "no","turn_lanes": null},"geometry": {"coordinates": [[-2035.37,-1988.5],[-2058.93,-2028.44],[-2086.2,-2077.32],[-2091.86,-2092.62],[-2092.85,-2107.25],[-2084.87,-2130.53],[-2084.58,-2131.18],[-2083.81,-2132.91],[-2082.7,-2135.41],[-2081.38,-2138.35],[-2080.0,-2141.41],[-2078.7,-2144.28],[-2077.62,-2146.64],[-2076.89,-2148.16],[-2075.77,-2151.2],[-2073.63,-2157.55],[-2070.83,-2166.06],[-2067.75,-2175.6],[-2064.72,-2185.01],[-2062.11,-2193.15],[-2060.29,-2198.88],[-2059.6,-2201.04],[-2053.28,-2232.63],[-2035.61,-2293.16]],"type": "LineString"}},
    {"type": "Feature","id": 66,"properties": {"bridge": "no","highway": "residential","id": 66,"lanes": 2,"layer": 0,"link": "no","maxspeed": 30,"name": null,"oneway": "no","ref_id": "R_0066","surface": "asphalt","tunnel": "no","turn_lanes": null},"geometry": {"coordinates": [[-1129.44,-1397.26],[-1103.11,-1319.18],[-1073.48,-1236.88],[-1034.91,-1132.93],[-1020.26,-1092.39]],"type": "LineString"}},
    {"type": "Feature","id": 67,"properties": {"bridge": "no","highway": "residential","id": 67,"lanes": 2,"layer": 0,"link": "no","maxspeed": 30,"name": null,"oneway": "no","ref_id": "R_0067","surface": "asphalt","tunnel": "no","turn_lanes": null},"geometry": {"coordinates": [[-1073.48,-1236.88],[-1121.92,-1226.53],[-1161.9,-1227.47],[-1199.99,-1240.17],[-1236.68,-1270.74],[-1259.25,-1300.84],[-1273.83,-1333.76]],"type": "LineString"}},
    {"type": "Feature","id": 68,"properties": {"bridge": "no","highway": "residential","id": 68,"lanes": 2,"layer": 0,"link": "no","maxspeed": 30,"name": null,"oneway": "no","ref_id": "R_0068","surface": "asphalt","tunnel": "no","turn_lanes": null},"geometry": {"coordinates": [[-1129.44,-1397.26],[-1163.31,-1388.79],[-1200.93,-1367.16],[-1243.26,-1344.11],[-1273.83,-1333.76],[-1331.21,-1313.54],[-1373.54,-1299.43]],"type": "LineString"}},
    {"type": "Feature","id": 69,"properties": {"bridge": "no","highway": "residential","id": 69,"lanes": 2,"layer": 0,"link": "no","maxspeed": 30,"name": null,"oneway": "no","ref_id": "R_0069","surface": "asphalt","tunnel": "no","turn_lanes": null},"geometry": {"coordinates": [[-1294.32,-994.63],[-1314.28,-1067.09],[-1329.8,-1137.64],[-1342.97,-1206.78],[-1352.38,-1243.93],[-1366.96,-1274.97],[-1373.54,-1299.43],[-1395.65,-1367.63],[-1405.05,-1391.61],[-1415.4,-1402.43]],"type": "LineString"}},
    {"type": "Feature","id": 70,"properties": {"bridge": "no","highway": "residential","id": 70,"lanes": 2,"layer": 0,"link": "no","maxspeed": 30,"name": null,"oneway": "no","ref_id": "R_0070","surface": "asphalt","tunnel": "no","turn_lanes": null},"geometry": {"coordinates": [[-1469.96,-1262.27],[-1429.04,-1266.98],[-1397.06,-1274.5],[-1368.36,-1280.18]],"type": "LineString"}},
    {"type": "Feature","id": 71,"properties": {"bridge": "no","highway": "residential","id": 71,"lanes": 2,"layer": 0,"link": "no","maxspeed": 30,"name": null,"oneway": "no","ref_id": "R_0071","surface": "asphalt","tunnel": "no","turn_lanes": null},"geometry": {"coordinates": [[-1391.8,-962.56],[-1418.41,-1031.07],[-1438.36,-1078.29],[-1457.32,-1159.44],[-1465.63,-1207.33],[-1469.96,-1262.27],[-1467.3,-1299.12],[-1454.66,-1356.65],[-1444.68,-1386.58],[-1446.01,-1403.87]],"type": "LineString"}},
    {"type": "Feature","id": 72,"properties": {"bridge": "no","highway": "residential","id": 72,"lanes": 2,"layer": 0,"link": "no","maxspeed": 30,"name": null,"oneway": "no","ref_id": "R_0072","surface": "asphalt","tunnel": "no","turn_lanes": null},"geometry": {"coordinates": [[-1636.57,-729.76],[-1594.34,-733.09],[-1560.41,-745.06],[-1529.15,-765.35],[-1492.57,-788.29],[-1474.28,-796.27],[-1453.66,-798.27],[-1435.37,-799.93],[-1397.12,-809.24],[-1341.58,-825.54],[-1210.55,-871.1],[-1049.49,-928.34],[-851.95,-1004.54],[-811.51,-1018.18],[-721.21,-1051.57],[-678.88,-1066.15],[-640.31,-1074.61]],"type": "LineString"}},
    {"type": "Feature","id": 73,"properties": {"bridge": "no","highway": "residential","id": 73,"lanes": 2,"layer": 0,"link": "no","maxspeed": 30,"name": null,"oneway": "no","ref_id": "R_0073","surface": "asphalt","tunnel": "no","turn_lanes": null},"geometry": {"coordinates": [[-756.4,-1186.24],[-732.65,-1118.2],[-713.03,-1054.38],[-699.4,-1004.46],[-670.13,-926.31],[-667.43,-916.82],[-665.07,-907.73],[-663.02,-898.96],[-661.22,-890.43],[-659.62,-882.06],[-658.18,-873.78],[-656.84,-865.5],[-655.57,-857.15]],"type": "LineString"}},
    {"type": "Feature","id": 74,"properties": {"bridge": "no","highway": "residential","id": 74,"lanes": 2,"layer": 0,"link": "no","maxspeed": 30,"name": null,"oneway": "no","ref_id": "R_0074","surface": "asphalt","tunnel": "no","turn_lanes": null},"geometry": {"coordinates": [[-774.89,-943.27],[-854.71,-910.01],[-1018.0,-848.49],[-1049.49,-928.34],[-1095.64,-1065.42]],"type": "LineString"}},
    {"type": "Feature","id": 75,"properties": {"bridge": "no","highway": "residential","id": 75,"lanes": 2,"layer": 0,"link": "no","maxspeed": 30,"name": null,"oneway": "no","ref_id": "R_0075","surface": "asphalt","tunnel": "no","turn_lanes": null},"geometry": {"coordinates": [[-2580.13,3888.81],[-2549.14,3884.95],[-2497.92,3872.31],[-2425.42,3853.02],[-2367.56,3838.39],[-2311.68,3829.07],[-2259.14,3821.76],[-2193.29,3822.42],[-2134.76,3824.42],[-2070.24,3840.38],[-1981.67,3873.64],[-1933.22,3900.92],[-1894.98,3927.18],[-1846.09,3959.77],[-1802.19,3981.06],[-1758.29,3992.36],[-1715.94,3996.86],[-1652.44,3994.04],[-1569.2,3990.28],[-1517.85,3979.39],[-1475.94,3963.76],[-1436.03,3952.12],[-1400.78,3945.14],[-1373.51,3945.47],[-1344.29,3949.64],[-1295.36,3952.12],[-1203.9,3949.13],[-1194.37,3949.25],[-1169.2,3949.56],[-1133.58,3950.01],[-1092.66,3950.54],[-1051.62,3951.11],[-1015.62,3951.66],[-989.83,3952.12],[-979.42,3952.46],[-974.08,3952.72],[-961.67,3953.0],[-944.58,3953.28],[-925.21,3953.54],[-905.97,3953.77],[-889.25,3953.95],[-877.46,3954.08],[-873.0,3954.12],[-811.14,3953.45],[-782.87,3956.12],[-771.23,3960.77],[-755.93,3968.09],[-739.64,3990.37],[-724.67,4009.99],[-713.41,4021.44],[-684.76,4042.25],[-636.54,4074.18],[-600.96,4091.47],[-540.1,4107.1]],"type": "LineString"}},
    {"type": "Feature","id": 76,"properties": {"bridge": "no","highway": "residential","id": 76,"lanes": 2,"layer": 0,"link": "no","maxspeed": 30,"name": null,"oneway": "no","ref_id": "R_0076","surface": "asphalt","tunnel": "no","turn_lanes": null},"geometry": {"coordinates": [[-581.88,4096.37],[-556.06,4025.95],[-530.12,3974.07],[-479.57,3881.95],[-446.77,3833.19],[-413.62,3790.63],[-382.1,3751.59],[-343.77,3715.14],[-314.38,3690.92],[-278.37,3667.28],[-228.54,3641.53],[-179.4,3617.78],[-134.71,3598.97]],"type": "LineString"}},
    {"type": "Feature","id": 77,"properties": {"bridge": "no","highway": "residential","id": 77,"lanes": 2,"layer": 0,"link": "no","maxspeed": 30,"name": null,"oneway": "no","ref_id": "R_0077","surface": "asphalt","tunnel": "no","turn_lanes": null},"geometry": {"coordinates": [[-534.66,3763.69],[-494.54,3794.49],[-446.77,3833.19]],"type": "LineString"}},
    {"type": "Feature","id": 78,"properties": {"bridge": "no","highway": "residential","id": 78,"lanes": 2,"layer": 0,"link": "no","maxspeed": 30,"name": null,"oneway": "no","ref_id": "R_0078","surface": "asphalt","tunnel": "no","turn_lanes": null},"geometry": {"coordinates": [[154.53,3987.45],[266.94,4041.54],[346.89,4081.99],[386.87,4099.39]],"type": "LineString"}},
    {"type": "Feature","id": 79,"properties": {"bridge": "no","highway": "residential","id": 79,"lanes": 2,"layer": 0,"link": "no","maxspeed": 30,"name": null,"oneway": "no","ref_id": "R_0079","surface": "asphalt","tunnel": "no","turn_lanes": null},"geometry": {"coordinates": [[298.31,4270.39],[229.13,4243.12],[140.34,4209.53],[101.09,4198.89]],"type": "LineString"}},
    {"type": "Feature","id": 80,"properties": {"bridge": "no","highway": "residential","id": 80,"lanes": 2,"layer": 0,"link": "no","maxspeed": 30,"name": null,"oneway": "no","ref_id": "R_0080","surface": "asphalt","tunnel": "no","turn_lanes": null},"geometry": {"coordinates": [[49.54,3932.17],[75.49,3952.79],[98.76,3966.09],[119.38,3972.74]],"type": "LineString"}},
    {"type": "Feature","id": 81,"properties": {"bridge": "no","highway": "residential","id": 81,"lanes": 2,"layer": 0,"link": "no","maxspeed": 30,"name": null,"oneway": "no","ref_id": "R_0081","surface": "asphalt","tunnel": "no","turn_lanes": null},"geometry": {"coordinates": [[-32.6,3856.35],[-72.17,3794.82],[-96.45,3737.95],[-114.08,3684.41],[-119.4,3644.5],[-134.71,3598.97],[-147.0,3555.7],[-181.59,3449.28],[-208.19,3382.1],[-216.75,3352.38],[-233.47,3311.93],[-250.43,3276.35],[-272.71,3249.08],[-301.65,3229.46],[-349.87,3197.53],[-407.07,3165.94],[-457.62,3148.31],[-499.86,3144.98],[-617.74,3143.7],[-714.59,3143.64],[-780.94,3142.51],[-896.94,3142.98],[-928.2,3147.63],[-953.81,3155.62],[-978.09,3173.91],[-1012.34,3201.18],[-1039.95,3217.14],[-1067.88,3224.12],[-1182.62,3222.46],[-1282.72,3223.79],[-1300.87,3223.2],[-1359.54,3223.13],[-1387.48,3221.8],[-1418.08,3210.49],[-1464.97,3181.89],[-1566.73,3114.71],[-1599.32,3091.43],[-1600.38,3090.46],[-1603.18,3087.9],[-1607.18,3084.28],[-1611.83,3080.11],[-1616.6,3075.92],[-1620.93,3072.23],[-1624.28,3069.56],[-1626.1,3068.44],[-1627.89,3066.75],[-1631.14,3062.58],[-1635.32,3056.77],[-1639.92,3050.16],[-1644.41,3043.56],[-1648.26,3037.82],[-1650.96,3033.76],[-1651.97,3032.22],[-1679.47,2991.66],[-1680.26,2990.6],[-1682.35,2987.81],[-1685.33,2983.86],[-1688.79,2979.31],[-1692.3,2974.76],[-1695.47,2970.76],[-1697.87,2967.89],[-1699.1,2966.72],[-1700.32,2965.79],[-1702.72,2963.56],[-1705.89,2960.47],[-1709.4,2956.95],[-1712.86,2953.45],[-1715.84,2950.4],[-1717.93,2948.25],[-1718.72,2947.43],[-1742.0,2933.79],[-1764.28,2926.48],[-1795.21,2923.49],[-1865.71,2923.82],[-2073.57,2923.82],[-2126.11,2920.49],[-2237.05,2908.53],[-2286.44,2904.3],[-2379.56,2905.71],[-2483.03,2915.58],[-2548.4,2918.88],[-2600.44,2921.24],[-2641.06,2919.11],[-2688.33,2926.4],[-2747.35,2945.1],[-2792.91,2960.73],[-2832.34,2974.48],[-2845.18,2974.37],[-2877.86,2974.14],[-2952.87,2993.99],[-3136.31,3045.86],[-3208.27,3070.79],[-3257.65,3093.36],[-3353.59,3148.86],[-3402.04,3177.55],[-3467.41,3209.06],[-3523.85,3229.29],[-3562.89,3241.99],[-3605.04,3268.36],[-3620.67,3294.63],[-3633.31,3328.55],[-3640.96,3366.13],[-3651.6,3388.75],[-3688.18,3411.36],[-3750.37,3425.66],[-3798.93,3439.63],[-3838.5,3455.26],[-3877.74,3474.88],[-3911.33,3491.18],[-3908.01,3502.82],[-3941.26,3518.11],[-3983.5,3542.06],[-4036.97,3568.39],[-4111.75,3604.13],[-4139.5,3624.36],[-4170.07,3653.05],[-4201.11,3679.85],[-4235.92,3703.37],[-4266.96,3717.95],[-4297.06,3730.65],[-4417.93,3771.1],[-4480.01,3781.44],[-4535.98,3782.38],[-4630.52,3778.62],[-4668.14,3774.86],[-4705.77,3773.92],[-4744.34,3779.09],[-4778.67,3790.38],[-4824.29,3813.43],[-4852.04,3844.47],[-4871.32,3885.85],[-4892.96,3960.64],[-4923.0,4065.52],[-4945.62,4143.67],[-4970.56,4194.56],[-5011.48,4259.29],[-5040.64,4306.79],[-5062.74,4347.71],[-5069.33,4371.23],[-5072.62,4404.15],[-5061.8,4456.82],[-5047.69,4512.32],[-5025.12,4605.45],[-5017.59,4641.19],[-5019.47,4670.82],[-5030.76,4701.39],[-5057.57,4725.38],[-5100.84,4728.67],[-5187.38,4724.91],[-5254.16,4729.14],[-5302.14,4732.9],[-5339.76,4739.49],[-5371.27,4748.89],[-5391.5,4767.24],[-5399.49,4786.52],[-5398.08,4810.04],[-5386.32,4828.85],[-5361.4,4847.19],[-5294.14,4879.64],[-5259.81,4899.4],[-5219.36,4921.03],[-5194.9,4937.96],[-5181.26,4953.48],[-5160.1,4969.0],[-5137.76,4979.35],[-5107.19,4992.52],[-5090.49,5001.69],[-5078.97,5010.16],[-5065.8,5021.21],[-5059.22,5034.38],[-5056.16,5052.72],[-5046.52,5081.65],[-5035.46,5097.64],[-5018.53,5111.75],[-4999.25,5127.27],[-4980.67,5141.85],[-4967.74,5158.54],[-4942.34,5194.29],[-4911.3,5246.49],[-4883.55,5278.95],[-4855.8,5302.93],[-4819.12,5324.1],[-4783.37,5343.85],[-4757.97,5359.84],[-4742.45,5376.77],[-4734.46,5394.18],[-4735.87,5416.75],[-4743.39,5436.5]],"type": "LineString"}},
    {"type": "Feature","id": 82,"properties": {"bridge": "no","highway": "residential","id": 82,"lanes": 2,"layer": 0,"link": "no","maxspeed": 30,"name": null,"oneway": "no","ref_id": "R_0082","surface": "asphalt","tunnel": "no","turn_lanes": null},"geometry": {"coordinates": [[-6131.25,4478.52],[-6150.83,4488.58],[-6228.66,4516.16],[-6268.57,4531.12],[-6287.2,4535.45],[-6296.51,4526.47],[-6311.14,4482.57],[-6337.75,4417.72],[-6338.69,4415.96],[-6341.15,4411.32],[-6344.6,4404.76],[-6348.51,4397.22],[-6352.34,4389.67],[-6355.56,4383.06],[-6357.64,4378.35],[-6358.03,4376.48],[-6359.4,4373.5],[-6364.03,4365.84],[-6370.88,4355.08],[-6378.86,4342.77],[-6386.92,4330.47],[-6394.0,4319.75],[-6399.02,4312.17],[-6400.93,4309.3],[-6442.5,4246.11],[-6463.46,4214.52],[-6495.72,4180.27],[-6496.37,4179.68],[-6498.15,4178.12],[-6500.73,4175.91],[-6503.82,4173.34],[-6507.1,4170.73],[-6510.28,4168.38],[-6513.05,4166.6],[-6515.1,4165.71],[-6517.93,4164.74],[-6522.82,4162.77],[-6529.06,4160.08],[-6535.97,4157.01],[-6542.85,4153.84],[-6549.02,4150.89],[-6553.8,4148.47],[-6556.48,4146.89],[-6559.93,4145.4],[-6566.67,4143.2],[-6575.55,4140.59],[-6585.41,4137.84],[-6595.09,4135.22],[-6603.44,4133.0],[-6609.3,4131.47],[-6611.51,4130.9],[-6661.84,4119.14],[-6702.75,4098.45],[-6752.61,4059.41],[-6804.81,3997.33],[-6927.06,3833.4],[-6972.62,3779.19],[-7010.86,3738.95],[-7043.12,3704.36],[-7056.42,3687.73],[-7059.08,3669.44],[-7054.43,3650.15],[-7036.14,3627.54],[-7005.21,3606.59],[-6982.59,3594.95],[-6961.64,3588.96],[-6922.07,3591.62],[-6864.2,3599.6],[-6821.96,3607.58],[-6784.38,3615.23],[-6765.76,3626.54],[-6752.46,3642.84],[-6743.48,3667.45],[-6734.83,3724.32],[-6724.19,3773.87],[-6709.81,3868.46],[-6698.99,3898.56],[-6687.7,3920.67],[-6675.0,3937.6],[-6661.84,3949.83],[-6635.5,3948.42],[-6570.12,3951.24],[-6445.49,3949.83],[-6323.35,3950.32],[-6302.82,3947.65],[-6276.22,3946.47],[-6171.29,3947.71],[-6113.91,3947.95],[-6073.46,3940.43],[-6042.66,3924.2],[-6017.5,3900.68],[-5998.68,3873.88],[-5987.16,3846.6],[-5975.17,3818.38],[-5957.29,3785.22],[-5940.36,3763.11],[-5909.07,3732.3],[-5838.89,3668.12],[-5797.99,3639.18],[-5768.89,3619.38],[-5720.24,3595.11],[-5654.65,3587.3],[-5615.08,3595.31],[-5542.58,3631.53],[-5505.33,3651.49],[-5473.74,3658.14],[-5416.87,3648.83],[-5373.3,3624.55],[-5345.03,3589.63],[-5301.8,3525.11],[-5269.87,3467.24],[-5258.56,3447.96]],"type": "LineString"}},
    {"type": "Feature","id": 83,"properties": {"bridge": "no","highway": "residential","id": 83,"lanes": 2,"layer": 0,"link": "no","maxspeed": 30,"name": null,"oneway": "no","ref_id": "R_0083","surface": "asphalt","tunnel": "no","turn_lanes": null},"geometry": {"coordinates": [[1631.24,1002.92],[1722.36,982.3],[1842.75,945.71],[1913.25,931.08],[2001.72,930.42],[2037.47,930.97],[2034.48,879.36],[2027.66,840.96],[1998.39,705.27],[1979.77,616.81],[1973.78,575.9],[1970.79,529.01],[1957.82,421.26],[1945.84,340.78],[1935.53,272.27],[1921.57,226.04],[1905.6,172.83],[1901.95,152.21],[1900.61,135.58],[1902.28,98.33],[1910.26,45.46],[1915.91,-7.09],[1916.58,-40.01],[1917.91,-109.19],[1917.24,-278.47],[1914.25,-291.77],[1801.51,-294.43],[1788.87,-293.76],[1778.56,-287.45]],"type": "LineString"}},
    {"type": "Feature","id": 84,"properties": {"bridge": "no","highway": "residential","id": 84,"lanes": 2,"layer": 0,"link": "no","maxspeed": 30,"name": null,"oneway": "no","ref_id": "R_0084","surface": "asphalt","tunnel": "no","turn_lanes": null},"geometry": {"coordinates": [[1680.12,-138.79],[1747.97,-136.79],[1825.46,-137.12],[1917.8,-135.78]],"type": "LineString"}},
    {"type": "Feature","id": 85,"properties": {"bridge": "no","highway": "residential","id": 85,"lanes": 2,"layer": 0,"link": "no","maxspeed": 30,"name": null,"oneway": "no","ref_id": "R_0085","surface": "asphalt","tunnel": "no","turn_lanes": null},"geometry": {"coordinates": [[1675.3,-9.42],[1737.99,-8.26],[1783.72,-7.43],[1838.09,-13.08],[1916.35,-28.54]],"type": "LineString"}},
    {"type": "Feature","id": 86,"properties": {"bridge": "no","highway": "residential","id": 86,"lanes": 2,"layer": 0,"link": "no","maxspeed": 30,"name": null,"oneway": "no","ref_id": "R_0086","surface": "asphalt","tunnel": "no","turn_lanes": null},"geometry": {"coordinates": [[1772.25,-136.9],[1773.91,-84.58],[1779.89,-35.36],[1783.72,-7.43],[1783.89,12.2],[1794.86,75.72],[1805.17,117.62],[1812.49,149.88],[1817.81,218.72],[1830.12,310.84],[1834.11,380.68],[1850.4,483.78],[1874.68,631.44],[1886.32,724.22],[1892.31,795.06],[1901.29,850.6],[1907.6,900.15],[1913.26,931.08],[1918.91,988.28],[1917.58,1068.1],[1905.28,1101.36],[1888.98,1119.31]],"type": "LineString"}},
    {"type": "Feature","id": 87,"properties": {"bridge": "no","highway": "residential","id": 87,"lanes": 2,"layer": 0,"link": "no","maxspeed": 30,"name": null,"oneway": "no","ref_id": "R_0087","surface": "asphalt","tunnel": "no","turn_lanes": null},"geometry": {"coordinates": [[1888.98,1119.31],[1845.41,1120.31],[1776.9,1125.97],[1756.28,1127.63]],"type": "LineString"}},
    {"type": "Feature","id": 88,"properties": {"bridge": "no","highway": "residential","id": 88,"lanes": 2,"layer": 0,"link": "no","maxspeed": 30,"name": null,"oneway": "no","ref_id": "R_0088","surface": "asphalt","tunnel": "no","turn_lanes": null},"geometry": {"coordinates": [[1626.25,1085.39],[1761.27,1116.32]],"type": "LineString"}},
    {"type": "Feature","id": 89,"properties": {"bridge": "no","highway": "residential","id": 89,"lanes": 2,"layer": 0,"link": "no","maxspeed": 30,"name": null,"oneway": "no","ref_id": "R_0089","surface": "asphalt","tunnel": "no","turn_lanes": null},"geometry": {"coordinates": [[1750.23,-8.03],[1750.29,41.13],[1750.62,107.31],[1752.29,150.21]],"type": "LineString"}},
    {"type": "Feature","id": 90,"properties": {"bridge": "no","highway": "residential","id": 90,"lanes": 2,"layer": 0,"link": "no","maxspeed": 30,"name": null,"oneway": "no","ref_id": "R_0090","surface": "asphalt","tunnel": "no","turn_lanes": null},"geometry": {"coordinates": [[1754.62,167.17],[1751.29,335.12]],"type": "LineString"}},
    {"type": "Feature","id": 91,"properties": {"bridge": "no","highway": "residential","id": 91,"lanes": 2,"layer": 0,"link": "no","maxspeed": 30,"name": null,"oneway": "no","ref_id": "R_0091","surface": "asphalt","tunnel": "no","turn_lanes": null},"geometry": {"coordinates": [[1940.69,306.52],[1914.58,317.16],[1879.0,325.14],[1831.32,331.92],[1830.18,332.01],[1827.16,332.26],[1822.85,332.62],[1817.87,333.02],[1812.81,333.43],[1808.27,333.78],[1804.86,334.03],[1803.17,334.12],[1800.47,334.17],[1794.37,334.28],[1786.03,334.44],[1776.61,334.62],[1767.27,334.81],[1759.17,334.96],[1753.45,335.08],[1751.29,335.12],[1714.05,332.46],[1674.8,338.45],[1589.0,354.08],[1566.05,355.41],[1535.12,351.42],[1441.34,339.44],[1395.11,327.81],[1361.86,326.48],[1347.74,330.24],[1341.62,337.53]],"type": "LineString"}},
    {"type": "Feature","id": 92,"properties": {"bridge": "no","highway": "residential","id": 92,"lanes": 2,"layer": 0,"link": "no","maxspeed": 30,"name": null,"oneway": "no","ref_id": "R_0092","surface": "asphalt","tunnel": "no","turn_lanes": null},"geometry": {"coordinates": [[1316.93,402.9],[1308.81,446.86],[1301.99,480.62],[1299.67,509.55],[1298.5,556.78],[1298.0,591.86],[1298.17,632.1],[1299.83,644.41],[1308.15,650.89],[1326.27,653.39],[1407.09,656.71],[1474.93,654.72],[1625.58,655.05],[1652.51,653.58],[1672.26,646.76],[1693.19,641.82],[1716.47,640.41],[1777.23,640.09],[1779.44,640.03],[1785.27,639.88],[1793.56,639.68],[1803.13,639.46],[1812.81,639.26],[1821.43,639.1],[1827.81,639.03],[1830.78,639.09],[1833.33,638.85],[1838.62,638.03],[1845.69,636.81],[1853.6,635.39],[1861.4,633.94],[1868.15,632.68],[1872.89,631.78],[1874.68,631.44]],"type": "LineString"}},
    {"type": "Feature","id": 93,"properties": {"bridge": "no","highway": "residential","id": 93,"lanes": 2,"layer": 0,"link": "no","maxspeed": 30,"name": null,"oneway": "no","ref_id": "R_0093","surface": "asphalt","tunnel": "no","turn_lanes": null},"geometry": {"coordinates": [[1978.12,605.53],[1927.89,623.12],[1894.63,631.77],[1874.68,631.44]],"type": "LineString"}},
    {"type": "Feature","id": 94,"properties": {"bridge": "no","highway": "residential","id": 94,"lanes": 2,"layer": 0,"link": "no","maxspeed": 30,"name": null,"oneway": "no","ref_id": "R_0094","surface": "asphalt","tunnel": "no","turn_lanes": null},"geometry": {"coordinates": [[1626.91,842.29],[1696.75,827.65],[1743.64,817.68]],"type": "LineString"}},
    {"type": "Feature","id": 95,"properties": {"bridge": "no","highway": "residential","id": 95,"lanes": 2,"layer": 0,"link": "no","maxspeed": 30,"name": null,"oneway": "no","ref_id": "R_0095","surface": "asphalt","tunnel": "no","turn_lanes": null},"geometry": {"coordinates": [[1753.29,827.32],[1810.82,813.69],[1892.31,795.06],[1945.84,780.1],[2010.21,760.08]],"type": "LineString"}},
    {"type": "Feature","id": 96,"properties": {"bridge": "no","highway": "residential","id": 96,"lanes": 2,"layer": 0,"link": "no","maxspeed": 30,"name": null,"oneway": "no","ref_id": "R_0096","surface": "asphalt","tunnel": "no","turn_lanes": null},"geometry": {"coordinates": [[1625.58,655.05],[1624.76,722.01],[1626.91,842.29],[1631.34,886.15],[1631.24,1002.92],[1628.99,1047.0],[1626.25,1085.39],[1630.87,1115.67],[1636.05,1148.12],[1638.87,1193.75],[1640.75,1224.79],[1636.99,1253.48],[1620.99,1384.23]],"type": "LineString"}},
    {"type": "Feature","id": 97,"properties": {"bridge": "no","highway": "residential","id": 97,"lanes": 2,"layer": 0,"link": "no","maxspeed": 30,"name": null,"oneway": "no","ref_id": "R_0097","surface": "asphalt","tunnel": "no","turn_lanes": null},"geometry": {"coordinates": [[1420.64,1181.99],[1611.12,1211.62],[1640.75,1224.79],[1745.11,1233.45]],"type": "LineString"}},
    {"type": "Feature","id": 98,"properties": {"bridge": "no","highway": "residential","id": 98,"lanes": 2,"layer": 0,"link": "no","maxspeed": 30,"name": null,"oneway": "no","ref_id": "R_0098","surface": "asphalt","tunnel": "no","turn_lanes": null},"geometry": {"coordinates": [[1529.75,1379.05],[1541.98,1318.38],[1547.62,1272.29],[1547.62,1248.3],[1538.22,1225.26],[1540.42,1200.62]],"type": "LineString"}},
    {"type": "Feature","id": 99,"properties": {"bridge": "no","highway": "residential","id": 99,"lanes": 2,"layer": 0,"link": "no","maxspeed": 30,"name": null,"oneway": "no","ref_id": "R_0099","surface": "asphalt","tunnel": "no","turn_lanes": null},"geometry": {"coordinates": [[1750.33,1392.69],[1701.89,1389.87],[1620.99,1384.23],[1529.75,1379.05],[1426.28,1369.17],[1408.41,1366.35],[1404.65,1358.36],[1403.24,1342.37],[1404.18,1318.85],[1409.35,1269.47],[1419.23,1221.02],[1420.64,1181.99],[1414.73,1135.61],[1408.75,1036.17],[1405.09,940.06],[1406.09,867.23],[1409.08,749.83],[1412.07,706.93],[1407.08,656.71],[1404.42,623.46],[1411.41,560.93],[1421.39,477.46],[1428.7,452.85],[1431.7,409.95],[1432.69,368.38],[1441.34,339.44]],"type": "LineString"}},
    {"type": "Feature","id": 100,"properties": {"bridge": "no","highway": "residential","id": 100,"lanes": 2,"layer": 0,"link": "no","maxspeed": 30,"name": null,"oneway": "no","ref_id": "R_0100","surface": "asphalt","tunnel": "no","turn_lanes": null},"geometry": {"coordinates": [[1441.34,339.44],[1443.34,296.21],[1450.98,254.64],[1467.95,193.11],[1482.91,170.5]],"type": "LineString"}},
    {"type": "Feature","id": 101,"properties": {"bridge": "no","highway": "residential","id": 101,"lanes": 2,"layer": 0,"link": "no","maxspeed": 30,"name": null,"oneway": "no","ref_id": "R_0101","surface": "asphalt","tunnel": "no","turn_lanes": null},"geometry": {"coordinates": [[1529.75,1379.05],[1524.81,1425.61],[1522.82,1471.84],[1524.48,1482.15],[1539.11,1494.45],[1600.3,1520.06],[1630.24,1538.68]],"type": "LineString"}},
    {"type": "Feature","id": 102,"properties": {"bridge": "no","highway": "residential","id": 102,"lanes": 2,"layer": 0,"link": "no","maxspeed": 30,"name": null,"oneway": "no","ref_id": "R_0102","surface": "asphalt","tunnel": "no","turn_lanes": null},"geometry": {"coordinates": [[1871.35,1541.68],[1630.24,1538.68],[1550.75,1539.01],[1487.9,1530.03],[1374.83,1496.78],[985.59,1370.12]],"type": "LineString"}},
    {"type": "Feature","id": 103,"properties": {"bridge": "no","highway": "residential","id": 103,"lanes": 2,"layer": 0,"link": "no","maxspeed": 30,"name": null,"oneway": "no","ref_id": "R_0103","surface": "asphalt","tunnel": "no","turn_lanes": null},"geometry": {"coordinates": [[721.66,1301.23],[404.27,1214.91]],"type": "LineString"}},
    {"type": "Feature","id": 104,"properties": {"bridge": "no","highway": "residential","id": 104,"lanes": 2,"layer": 0,"link": "no","maxspeed": 30,"name": null,"oneway": "no","ref_id": "R_0104","surface": "asphalt","tunnel": "no","turn_lanes": null},"geometry": {"coordinates": [[24.72,1114.73],[-263.11,1020.2],[-304.03,1010.79],[-340.72,1007.03]],"type": "LineString"}},
    {"type": "Feature","id": 105,"properties": {"bridge": "no","highway": "residential","id": 105,"lanes": 2,"layer": 0,"link": "no","maxspeed": 30,"name": null,"oneway": "no","ref_id": "R_0105","surface": "asphalt","tunnel": "no","turn_lanes": null},"geometry": {"coordinates": [[1311.34,433.15],[1414.4,448.53],[1428.7,452.85],[1481.91,462.83],[1518.16,471.47],[1562.06,486.77],[1587.0,498.74],[1602.97,509.39],[1626.58,508.72],[1655.18,502.07],[1698.75,497.41],[1780.89,495.75],[1822.53,489.91],[1850.4,483.78]],"type": "LineString"}},
    {"type": "Feature","id": 106,"properties": {"bridge": "no","highway": "residential","id": 106,"lanes": 2,"layer": 0,"link": "no","maxspeed": 30,"name": null,"oneway": "no","ref_id": "R_0106","surface": "asphalt","tunnel": "no","turn_lanes": null},"geometry": {"coordinates": [[1852.32,495.45],[1962.91,463.54]],"type": "LineString"}},
    {"type": "Feature","id": 107,"properties": {"bridge": "no","highway": "residential","id": 107,"lanes": 2,"layer": 0,"link": "no","maxspeed": 30,"name": null,"oneway": "no","ref_id": "R_0107","surface": "asphalt","tunnel": "no","turn_lanes": null},"geometry": {"coordinates": [[1625.58,655.05],[1625.91,606.16],[1614.77,509.05]],"type": "LineString"}},
    {"type": "Feature","id": 108,"properties": {"bridge": "no","highway": "residential","id": 108,"lanes": 2,"layer": 0,"link": "no","maxspeed": 30,"name": null,"oneway": "no","ref_id": "R_0108","surface": "asphalt","tunnel": "no","turn_lanes": null},"geometry": {"coordinates": [[1528.13,654.83],[1525.48,590.87],[1522.82,523.35],[1523.16,473.22]],"type": "LineString"}},
    {"type": "Feature","id": 109,"properties": {"bridge": "no","highway": "residential","id": 109,"lanes": 2,"layer": 0,"link": "no","maxspeed": 30,"name": null,"oneway": "no","ref_id": "R_0109","surface": "asphalt","tunnel": "no","turn_lanes": null},"geometry": {"coordinates": [[1750.33,1392.69],[1745.14,1356.44],[1743.48,1308.71],[1743.46,1307.11],[1743.4,1302.87],[1743.32,1296.86],[1743.23,1289.92],[1743.14,1282.92],[1743.06,1276.72],[1743.0,1272.17],[1742.98,1270.13],[1743.07,1268.18],[1743.31,1263.84],[1743.65,1257.94],[1744.04,1251.29],[1744.43,1244.7],[1744.78,1238.99],[1745.02,1234.97],[1745.11,1233.45]],"type": "LineString"}},
    {"type": "Feature","id": 110,"properties": {"bridge": "no","highway": "residential","id": 110,"lanes": 2,"layer": 0,"link": "no","maxspeed": 30,"name": null,"oneway": "no","ref_id": "R_0110","surface": "asphalt","tunnel": "no","turn_lanes": null},"geometry": {"coordinates": [[1873.68,1302.56],[1870.35,1372.4],[1869.69,1472.17],[1871.35,1541.68]],"type": "LineString"}},
    {"type": "Feature","id": 111,"properties": {"bridge": "no","highway": "residential","id": 111,"lanes": 2,"layer": 0,"link": "no","maxspeed": 30,"name": null,"oneway": "no","ref_id": "R_0111","surface": "asphalt","tunnel": "no","turn_lanes": null},"geometry": {"coordinates": [[1797.85,1748.86],[1825.12,1687.67],[1859.71,1632.13],[1873.34,1600.21],[1873.4,1599.26],[1873.55,1596.75],[1873.75,1593.16],[1873.97,1588.98],[1874.17,1584.72],[1874.33,1580.85],[1874.39,1577.86],[1874.34,1576.26],[1874.12,1574.2],[1873.73,1570.02],[1873.25,1564.44],[1872.72,1558.22],[1872.21,1552.09],[1871.77,1546.8],[1871.47,1543.08],[1871.35,1541.68]],"type": "LineString"}},
    {"type": "Feature","id": 112,"properties": {"bridge": "no","highway": "residential","id": 112,"lanes": 2,"layer": 0,"link": "no","maxspeed": 30,"name": null,"oneway": "no","ref_id": "R_0112","surface": "asphalt","tunnel": "no","turn_lanes": null},"geometry": {"coordinates": [[-3761.84,2747.07],[-3793.94,2765.86],[-3910.67,2830.71],[-3918.65,2845.01],[-4114.2,2963.73],[-4176.72,2995.0],[-4245.9,3022.6],[-4306.09,3038.89],[-4406.86,3076.47],[-4458.41,3100.75],[-4488.01,3122.04],[-4511.62,3147.31],[-4521.93,3175.91],[-4527.05,3244.82],[-4528.93,3328.06],[-4519.99,3330.42],[-4519.76,3465.87],[-4526.1,3537.59],[-4523.92,3782.18],[-4523.59,4015.98],[-4524.59,4129.05],[-4524.69,4130.19],[-4524.95,4133.2],[-4525.34,4137.49],[-4525.79,4142.44],[-4526.26,4147.45],[-4526.69,4151.92],[-4527.04,4155.24],[-4527.25,4156.82],[-4528.14,4158.42],[-4530.3,4161.82],[-4533.29,4166.4],[-4536.68,4171.54],[-4540.07,4176.61],[-4543.01,4181.0],[-4545.08,4184.09],[-4545.87,4185.25],[-4546.75,4186.35],[-4549.08,4189.23],[-4552.39,4193.31],[-4556.21,4198.0],[-4560.08,4202.71],[-4563.52,4206.86],[-4566.07,4209.85],[-4567.26,4211.09],[-4568.36,4212.19],[-4570.67,4214.78],[-4573.77,4218.37],[-4577.25,4222.44],[-4580.69,4226.49],[-4583.66,4230.01],[-4585.75,4232.49],[-4586.54,4233.43],[-4597.59,4254.83],[-4616.41,4278.35],[-4638.28,4295.51],[-4664.38,4298.57],[-4707.41,4296.93],[-4743.16,4300.92],[-4794.19,4319.97],[-4854.15,4351.48],[-4928.23,4389.81],[-4964.91,4399.22],[-5009.36,4402.51],[-5011.16,4402.59],[-5015.93,4402.81],[-5022.7,4403.11],[-5030.52,4403.45],[-5038.43,4403.8],[-5045.47,4404.1],[-5050.68,4404.31],[-5053.1,4404.39],[-5054.48,4404.38],[-5056.94,4404.36],[-5060.1,4404.32],[-5063.56,4404.27],[-5066.94,4404.23],[-5069.83,4404.19],[-5071.86,4404.16],[-5072.62,4404.15],[-5074.17,4403.92],[-5078.28,4403.31],[-5084.08,4402.44],[-5090.73,4401.45],[-5097.38,4400.46],[-5103.18,4399.59],[-5107.28,4398.98],[-5108.83,4398.75],[-5134.7,4377.59],[-5172.33,4350.78],[-5224.3,4320.44],[-5317.76,4272.39],[-5373.13,4242.12],[-5400.4,4234.31],[-5433.83,4231.65],[-5499.67,4234.84],[-5539.65,4231.79],[-5597.97,4226.14],[-5655.35,4223.09],[-5657.08,4223.12],[-5661.66,4223.2],[-5668.17,4223.32],[-5675.69,4223.47],[-5683.3,4223.62],[-5690.07,4223.78],[-5695.09,4223.92],[-5697.44,4224.03],[-5699.75,4224.49],[-5704.67,4225.56],[-5711.29,4227.03],[-5718.72,4228.7],[-5726.07,4230.36],[-5732.43,4231.8],[-5736.9,4232.81],[-5738.59,4233.2],[-5775.04,4251.54],[-5818.94,4290.01],[-5863.84,4337.9],[-5904.08,4371.49],[-5954.96,4398.1],[-6024.47,4424.37],[-6096.3,4448.31],[-6159.08,4469.33]],"type": "LineString"}},
    {"type": "Feature","id": 113,"properties": {"bridge": "no","highway": "residential","id": 113,"lanes": 2,"layer": 0,"link": "no","maxspeed": 30,"name": null,"oneway": "no","ref_id": "R_0113","surface": "asphalt","tunnel": "no","turn_lanes": null},"geometry": {"coordinates": [[-5505.33,3651.49],[-5525.07,3607.2],[-5539.65,3552.88],[-5554.93,3492.91],[-5577.98,3442.35],[-5613.72,3386.15],[-5643.82,3349.7],[-5671.34,3332.3],[-5692.27,3328.3],[-5723.54,3316.54],[-5773.4,3304.31],[-5817.37,3298.9],[-5848.65,3289.97],[-5886.04,3268.57],[-5920.14,3245.99],[-5970.46,3200.84],[-6005.74,3176.86],[-6042.42,3158.51],[-6082.05,3148.88],[-6136.87,3144.98],[-6226.34,3152.96],[-6261.92,3155.96],[-6295.67,3151.99]],"type": "LineString"}},
    {"type": "Feature","id": 114,"properties": {"bridge": "no","highway": "residential","id": 114,"lanes": 2,"layer": 0,"link": "no","maxspeed": 30,"name": null,"oneway": "no","ref_id": "R_0114","surface": "asphalt","tunnel": "no","turn_lanes": null},"geometry": {"coordinates": [[-4819.58,2425.97],[-4766.36,2422.98],[-4722.47,2422.98],[-4684.55,2429.3],[-4656.62,2442.27],[-4636.66,2462.22],[-4599.42,2509.45],[-4579.13,2536.05],[-4556.85,2558.67],[-4527.91,2575.63],[-4475.7,2605.89],[-4449.43,2624.85],[-4432.8,2643.14],[-4424.15,2664.76],[-4423.15,2694.35],[-4431.8,2723.62],[-4457.41,2767.52],[-4480.69,2813.41],[-4496.32,2852.66],[-4504.3,2901.88],[-4505.63,2953.09],[-4500.31,2982.02],[-4474.7,3033.91]],"type": "LineString"}},
    {"type": "Feature","id": 115,"properties": {"bridge": "no","highway": "residential","id": 115,"lanes": 2,"layer": 0,"link": "no","maxspeed": 30,"name": null,"oneway": "no","ref_id": "R_0115","surface": "asphalt","tunnel": "no","turn_lanes": null},"geometry": {"coordinates": [[-3805.66,2772.37],[-3772.99,2833.03],[-3732.41,2918.5],[-3703.15,2984.02],[-3680.53,3052.2],[-3670.55,3079.13],[-3652.26,3105.41]],"type": "LineString"}},
    {"type": "Feature","id": 116,"properties": {"bridge": "no","highway": "residential","id": 116,"lanes": 2,"layer": 0,"link": "no","maxspeed": 30,"name": null,"oneway": "no","ref_id": "R_0116","surface": "asphalt","tunnel": "no","turn_lanes": null},"geometry": {"coordinates": [[-6748.47,-130.47],[-6751.77,-129.39],[-6760.5,-126.52],[-6772.86,-122.48],[-6787.09,-117.84],[-6801.39,-113.2],[-6813.99,-109.15],[-6823.1,-106.29],[-6826.95,-105.2],[-6829.07,-104.31],[-6833.63,-101.98],[-6839.78,-98.67],[-6846.7,-94.89],[-6853.54,-91.1],[-6859.46,-87.8],[-6863.62,-85.47],[-6865.2,-84.58],[-6884.82,-53.98],[-6888.48,-18.07],[-6913.22,189.37]],"type": "LineString"}},
    {"type": "Feature","id": 117,"properties": {"bridge": "no","highway": "residential","id": 117,"lanes": 2,"layer": 0,"link": "no","maxspeed": 30,"name": null,"oneway": "no","ref_id": "R_0117","surface": "asphalt","tunnel": "no","turn_lanes": null},"geometry": {"coordinates": [[-7041.62,130.11],[-6952.26,200.19]],"type": "LineString"}},
    {"type": "Feature","id": 118,"properties": {"bridge": "no","highway": "residential","id": 118,"lanes": 2,"layer": 0,"link": "no","maxspeed": 30,"name": null,"oneway": "no","ref_id": "R_0118","surface": "asphalt","tunnel": "no","turn_lanes": null},"geometry": {"coordinates": [[-7246.32,387.33],[-7241.65,385.28],[-7233.49,381.31],[-7223.09,376.1],[-7211.73,370.33],[-7200.69,364.67],[-7191.23,359.79],[-7184.62,356.37],[-7182.13,355.07],[-7072.72,300.2],[-6988.91,257.63],[-6951.33,238.68]],"type": "LineString"}},
    {"type": "Feature","id": 119,"properties": {"bridge": "no","highway": "residential","id": 119,"lanes": 2,"layer": 0,"link": "no","maxspeed": 30,"name": null,"oneway": "no","ref_id": "R_0119","surface": "asphalt","tunnel": "no","turn_lanes": null},"geometry": {"coordinates": [[-6923.06,265.28],[-6927.39,344.76],[-6928.05,397.64],[-6921.73,450.85],[-6905.44,528.01],[-6893.8,582.55]],"type": "LineString"}},
    {"type": "Feature","id": 120,"properties": {"bridge": "no","highway": "residential","id": 120,"lanes": 2,"layer": 0,"link": "no","maxspeed": 30,"name": null,"oneway": "no","ref_id": "R_0120","surface": "asphalt","tunnel": "no","turn_lanes": null},"geometry": {"coordinates": [[-7053.14,581.9],[-7053.43,482.78],[-7048.11,454.18],[-7037.14,422.25],[-7018.51,399.31]],"type": "LineString"}},
    {"type": "Feature","id": 121,"properties": {"bridge": "no","highway": "residential","id": 121,"lanes": 2,"layer": 0,"link": "no","maxspeed": 30,"name": null,"oneway": "no","ref_id": "R_0121","surface": "asphalt","tunnel": "no","turn_lanes": null},"geometry": {"coordinates": [[-7129.34,240.87],[-7099.94,266.04],[-7080.89,284.14],[-7072.72,300.2],[-7059.26,333.29],[-7042.33,368.33],[-7018.51,399.31],[-6999.76,408.54],[-6974.13,408.78],[-6926.68,409.18],[-6873.84,409.29],[-6831.39,407.85],[-6807.4,402.2],[-6787.88,385.74],[-6750.26,341.53],[-6689.82,256.64],[-6667.48,221.83],[-6648.9,190.79],[-6642.08,171.98],[-6643.02,145.88],[-6645.84,124.71]],"type": "LineString"}},
    {"type": "Feature","id": 122,"properties": {"bridge": "no","highway": "residential","id": 122,"lanes": 2,"layer": 0,"link": "no","maxspeed": 30,"name": null,"oneway": "no","ref_id": "R_0122","surface": "asphalt","tunnel": "no","turn_lanes": null},"geometry": {"coordinates": [[-6883.59,210.3],[-6782.24,167.27],[-6731.68,147.52],[-6677.59,131.99],[-6645.84,124.71],[-6596.46,124.23],[-6559.57,125.27],[-6526.31,131.92],[-6502.37,140.9]],"type": "LineString"}},
    {"type": "Feature","id": 123,"properties": {"bridge": "no","highway": "residential","id": 123,"lanes": 2,"layer": 0,"link": "no","maxspeed": 30,"name": null,"oneway": "no","ref_id": "R_0123","surface": "asphalt","tunnel": "no","turn_lanes": null},"geometry": {"coordinates": [[-6626.41,-192.33],[-6611.12,-157.41],[-6597.81,-116.17],[-6574.87,-23.72],[-6549.92,62.42],[-6549.71,63.69],[-6549.13,67.08],[-6548.31,71.9],[-6547.35,77.51],[-6546.35,83.22],[-6545.43,88.37],[-6544.7,92.3],[-6544.27,94.34],[-6544.02,96.48],[-6543.78,100.68],[-6543.56,106.2],[-6543.36,112.34],[-6543.19,118.37],[-6543.05,123.57],[-6542.97,127.22],[-6542.94,128.6],[-6545.93,162.52],[-6554.91,195.11],[-6578.52,233.36],[-6596.48,251.98],[-6623.75,284.9],[-6662.66,354.74],[-6700.24,448.86],[-6732.17,499.74],[-6768.13,548.7],[-6798.46,566.81],[-6835.38,576.45],[-6877.24,581.15],[-6893.8,582.55],[-6945.44,583.5],[-7029.86,582.8],[-7053.14,581.9],[-7101.82,579.51],[-7103.9,579.49],[-7109.38,579.43],[-7117.15,579.36],[-7126.1,579.27],[-7135.12,579.19],[-7143.09,579.11],[-7148.9,579.06],[-7151.44,579.04],[-7153.5,578.91],[-7158.06,578.56],[-7164.26,578.07],[-7171.25,577.51],[-7178.18,576.95],[-7184.18,576.46],[-7188.41,576.11],[-7190.01,575.98],[-7215.17,565.16],[-7234.45,546.59],[-7252.79,524.24],[-7264.79,494.38],[-7270.43,465.93],[-7270.33,464.64],[-7270.06,461.24],[-7269.68,456.4],[-7269.23,450.82],[-7268.77,445.17],[-7268.35,440.13],[-7268.02,436.4],[-7267.84,434.65],[-7267.23,432.77],[-7265.76,428.69],[-7263.72,423.17],[-7261.41,416.95],[-7259.1,410.81],[-7257.1,405.48],[-7255.68,401.73],[-7255.15,400.32],[-7246.32,387.34],[-7221.05,357.05],[-7195.89,332.82],[-7173.31,305.78],[-7144.86,262.75],[-7129.34,240.88],[-7091.71,197.84],[-7041.62,130.12],[-7004.23,72.74],[-6972.01,30.17],[-6939.56,-4.16],[-6919.57,-22.27],[-6904.52,-26.5],[-6887.72,-25.46],[-6852.89,-25.71],[-6793.7,-24.38],[-6724.52,-39.35],[-6587.84,-75.97]],"type": "LineString"}},
    {"type": "Feature","id": 124,"properties": {"bridge": "no","highway": "residential","id": 124,"lanes": 2,"layer": 0,"link": "no","maxspeed": 30,"name": null,"oneway": "no","ref_id": "R_0124","surface": "asphalt","tunnel": "no","turn_lanes": null},"geometry": {"coordinates": [[-6447.37,-350.56],[-6450.06,-352.09],[-6456.43,-355.86],[-6465.22,-361.1],[-6475.21,-367.07],[-6485.13,-373.02],[-6493.77,-378.2],[-6499.86,-381.86],[-6502.16,-383.24],[-6528.5,-397.59],[-6545.67,-402.29],[-6560.72,-403.47],[-6574.36,-395.71],[-6620.21,-341.62],[-6665.83,-298.82],[-6708.63,-271.07],[-6710.83,-270.21],[-6716.62,-267.95],[-6724.77,-264.75],[-6734.06,-261.08],[-6743.28,-257.41],[-6751.19,-254.21],[-6756.59,-251.94],[-6758.25,-251.08],[-6760.08,-250.2],[-6765.93,-247.89],[-6774.49,-244.61],[-6784.44,-240.85],[-6794.47,-237.1],[-6803.26,-233.82],[-6809.5,-231.5],[-6811.87,-230.62],[-6833.5,-220.75],[-6843.38,-209.69],[-6843.85,-191.59],[-6841.26,-176.3],[-6821.18,-106.88],[-6793.7,-24.38],[-6771.42,45.22],[-6738.07,150.01],[-6725.8,182.32],[-6710.75,205.6],[-6695.46,226.76],[-6681.34,243.43],[-6654.68,263.62],[-6623.75,284.9]],"type": "LineString"}},
    {"type": "Feature","id": 125,"properties": {"bridge": "no","highway": "residential","id": 125,"lanes": 2,"layer": 0,"link": "no","maxspeed": 30,"name": null,"oneway": "no","ref_id": "R_0125","surface": "asphalt","tunnel": "no","turn_lanes": null},"geometry": {"coordinates": [[-6755.02,347.14],[-6886.41,249.57]],"type": "LineString"}},
    {"type": "Feature","id": 126,"properties": {"bridge": "no","highway": "residential","id": 126,"lanes": 2,"layer": 0,"link": "no","maxspeed": 30,"name": null,"oneway": "no","ref_id": "R_0126","surface": "asphalt","tunnel": "no","turn_lanes": null},"geometry": {"coordinates": [[-7202.11,338.82],[-7191.45,359.9],[-7180.97,384.84],[-7162.85,419.76],[-7143.39,445.87],[-7120.28,462.16],[-7096.5,471.47],[-7076.05,473.97],[-7051.87,474.37],[-7003.52,476.5],[-6916.26,476.76]],"type": "LineString"}},
    {"type": "Feature","id": 127,"properties": {"bridge": "no","highway": "residential","id": 127,"lanes": 2,"layer": 0,"link": "no","maxspeed": 30,"name": null,"oneway": "no","ref_id": "R_0127","surface": "asphalt","tunnel": "no","turn_lanes": null},"geometry": {"coordinates": [[-1786.01,-1817.25],[-1683.01,-1887.33]],"type": "LineString"}},
    {"type": "Feature","id": 128,"properties": {"bridge": "no","highway": "residential","id": 128,"lanes": 2,"layer": 0,"link": "no","maxspeed": 30,"name": null,"oneway": "no","ref_id": "R_0128","surface": "asphalt","tunnel": "no","turn_lanes": null},"geometry": {"coordinates": [[-1606.82,-1334.7],[-1613.41,-1409.48],[-1613.67,-1413.75],[-1614.36,-1425.03],[-1615.34,-1441.01],[-1616.46,-1459.4],[-1617.59,-1477.9],[-1618.56,-1494.21],[-1619.26,-1506.03],[-1619.52,-1511.07],[-1620.07,-1513.75],[-1621.5,-1519.34],[-1623.54,-1526.84],[-1625.87,-1535.24],[-1628.2,-1543.52],[-1630.23,-1550.69],[-1631.67,-1555.73],[-1632.22,-1557.63],[-1632.95,-1559.64],[-1634.89,-1564.95],[-1637.67,-1572.49],[-1640.92,-1581.21],[-1644.25,-1590.04],[-1647.3,-1597.91],[-1649.68,-1603.77],[-1651.03,-1606.55],[-1652.22,-1608.68],[-1654.18,-1612.83],[-1656.62,-1618.3],[-1659.26,-1624.36],[-1661.82,-1630.32],[-1663.99,-1635.45],[-1665.51,-1639.05],[-1666.08,-1640.41],[-1673.14,-1667.22],[-1678.31,-1708.61],[-1671.26,-1754.23],[-1654.32,-1821.96],[-1644.45,-1877.45],[-1635.51,-1978.1],[-1626.57,-2088.16],[-1622.81,-2155.41],[-1623.26,-2232.64],[-1622.31,-2346.82]],"type": "LineString"}},
    {"type": "Feature","id": 129,"properties": {"bridge": "no","highway": "residential","id": 129,"lanes": 2,"layer": 0,"link": "no","maxspeed": 30,"name": null,"oneway": "no","ref_id": "R_0129","surface": "asphalt","tunnel": "no","turn_lanes": null},"geometry": {"coordinates": [[-1988.25,-2542.02],[-1945.45,-2718.39],[-1913.93,-2876.82],[-1899.97,-2956.63],[-1896.11,-2987.16]],"type": "LineString"}},
    {"type": "Feature","id": 130,"properties": {"bridge": "no","highway": "residential","id": 130,"lanes": 2,"layer": 0,"link": "no","maxspeed": 30,"name": null,"oneway": "no","ref_id": "R_0130","surface": "asphalt","tunnel": "no","turn_lanes": null},"geometry": {"coordinates": [[-2798.82,-3564.88],[-2607.67,-3583.52],[-2590.44,-3585.5],[-2499.58,-3594.16],[-2445.38,-3595.16],[-2420.43,-3594.16],[-2394.83,-3577.54],[-2378.86,-3555.92],[-2375.2,-3539.96],[-2374.04,-3523.61]],"type": "LineString"}},
    {"type": "Feature","id": 131,"properties": {"bridge": "no","highway": "residential","id": 131,"lanes": 2,"layer": 0,"link": "no","maxspeed": 30,"name": null,"oneway": "no","ref_id": "R_0131","surface": "asphalt","tunnel": "no","turn_lanes": null},"geometry": {"coordinates": [[-2736.53,-3490.66],[-2742.44,-3570.38]],"type": "LineString"}},
    {"type": "Feature","id": 132,"properties": {"bridge": "no","highway": "residential","id": 132,"lanes": 2,"layer": 0,"link": "no","maxspeed": 30,"name": null,"oneway": "no","ref_id": "R_0132","surface": "asphalt","tunnel": "no","turn_lanes": null},"geometry": {"coordinates": [[1526.93,1602.93],[1580.55,1679.59],[1609.24,1719.56],[1616.76,1747.31],[1614.41,1791.05],[1591.83,1906.75],[1578.03,1989.31]],"type": "LineString"}},
    {"type": "Feature","id": 133,"properties": {"bridge": "no","highway": "residential","id": 133,"lanes": 2,"layer": 0,"link": "no","maxspeed": 30,"name": null,"oneway": "no","ref_id": "R_0133","surface": "asphalt","tunnel": "no","turn_lanes": null},"geometry": {"coordinates": [[1560.07,2116.35],[1542.11,2150.27],[1498.21,2200.82],[1456.31,2232.75],[1274.84,2338.98],[1245.68,2352.62],[1220.28,2355.91],[1192.91,2366.44]],"type": "LineString"}},
    {"type": "Feature","id": 134,"properties": {"bridge": "no","highway": "residential","id": 134,"lanes": 2,"layer": 0,"link": "no","maxspeed": 30,"name": null,"oneway": "no","ref_id": "R_0134","surface": "asphalt","tunnel": "no","turn_lanes": null},"geometry": {"coordinates": [[1113.1,2410.34],[963.44,2498.8],[865.67,2549.35],[827.42,2488.83],[810.79,2457.9],[810.76,2456.91],[810.69,2454.29],[810.6,2450.55],[810.5,2446.22],[810.42,2441.81],[810.37,2437.84],[810.38,2434.82],[810.46,2433.29],[811.47,2430.95],[813.93,2425.83],[817.34,2418.88],[821.23,2411.05],[825.1,2403.3],[828.46,2396.58],[830.84,2391.84],[831.74,2390.05],[853.36,2354.8],[856.02,2338.51],[853.36,2325.54],[843.38,2305.58],[829.08,2291.28],[752.55,2243.03],[722.68,2231.04],[697.75,2229.39],[657.48,2239.4],[634.53,2254.03],[607.26,2276.65],[584.31,2292.95],[583.25,2293.26],[580.45,2294.09],[576.46,2295.26],[571.84,2296.6],[567.17,2297.95],[562.99,2299.12],[559.87,2299.95],[558.37,2300.26],[556.47,2300.11],[552.29,2299.7],[546.61,2299.12],[540.2,2298.46],[533.86,2297.79],[528.36,2297.21],[524.49,2296.8],[523.03,2296.65],[492.22,2289.59],[456.71,2285.36],[417.44,2286.3],[371.59,2297.82],[313.97,2330.51],[264.12,2366.49],[230.96,2388.6],[217.79,2409.53],[218.03,2428.81],[221.32,2448.33],[279.4,2530.4],[343.37,2620.23],[375.59,2656.44],[415.09,2683.02],[446.6,2699.48],[470.83,2706.77],[502.81,2711.47],[532.91,2719.94],[569.36,2737.58],[595.23,2756.15],[616.86,2777.32],[653.31,2842.46],[694.46,2912.3],[715.16,2947.57],[717.98,2952.75]],"type": "LineString"}},
    {"type": "Feature","id": 135,"properties": {"bridge": "no","highway": "residential","id": 135,"lanes": 2,"layer": 0,"link": "no","maxspeed": 30,"name": null,"oneway": "no","ref_id": "R_0135","surface": "asphalt","tunnel": "no","turn_lanes": null},"geometry": {"coordinates": [[-318.94,2869.62],[-316.7,2869.5],[-311.85,2869.2],[-305.27,2868.78],[-297.86,2868.29],[-290.54,2867.8],[-284.19,2867.37],[-279.72,2867.07],[-278.03,2866.96],[-195.89,2842.35],[-42.24,2786.14],[58.59,2749.1],[100.45,2739.22]],"type": "LineString"}},
    {"type": "Feature","id": 136,"properties": {"bridge": "no","highway": "residential","id": 136,"lanes": 2,"layer": 0,"link": "no","maxspeed": 30,"name": null,"oneway": "no","ref_id": "R_0136","surface": "asphalt","tunnel": "no","turn_lanes": null},"geometry": {"coordinates": [[140.34,4209.53],[165.28,4129.38],[198.89,4008.8],[234.45,3880.95],[257.77,3811.55],[269.53,3755.82],[272.35,3730.42],[280.58,3661.05],[284.11,3610.96],[281.99,3566.75],[277.99,3503.96],[266.0,3404.49],[255.42,3341.0],[242.48,3280.33],[223.91,3195.9],[199.45,3105.6],[170.93,2979.36],[151.24,2897.95],[134.07,2847.16],[116.06,2791.96],[100.45,2739.22],[86.63,2703.67],[70.0,2662.43],[48.95,2637.28],[47.98,2636.23],[45.43,2633.47],[41.8,2629.57],[37.6,2625.08],[33.33,2620.58],[29.5,2616.64],[26.62,2613.83],[25.2,2612.7],[23.33,2611.96],[19.27,2610.14],[13.79,2607.62],[7.62,2604.74],[1.51,2601.87],[-3.77,2599.38],[-7.5,2597.62],[-8.9,2596.95],[-37.59,2585.94],[-38.7,2585.35],[-41.67,2583.78],[-45.88,2581.52],[-50.76,2578.87],[-55.73,2576.13],[-60.18,2573.59],[-63.53,2571.55],[-65.19,2570.31],[-66.75,2568.45],[-69.84,2564.79],[-73.92,2559.96],[-78.45,2554.59],[-82.91,2549.32],[-86.75,2544.77],[-89.45,2541.58],[-90.47,2540.38],[-138.02,2474.53],[-138.67,2473.62],[-140.41,2471.22],[-142.93,2467.77],[-145.92,2463.76],[-149.06,2459.64],[-152.05,2455.87],[-154.57,2452.92],[-156.31,2451.25],[-157.73,2449.82],[-159.38,2447.51],[-161.14,2444.65],[-162.88,2441.56],[-164.47,2438.58],[-165.76,2436.05],[-166.64,2434.28],[-166.96,2433.62],[-170.28,2417.66],[-171.61,2345.49],[-164.63,2300.93],[-154.99,2235.74],[-149.33,2151.94],[-144.34,2095.73],[-137.69,1994.3]],"type": "LineString"}},
    {"type": "Feature","id": 137,"properties": {"bridge": "no","highway": "residential","id": 137,"lanes": 2,"layer": 0,"link": "no","maxspeed": 30,"name": null,"oneway": "no","ref_id": "R_0137","surface": "asphalt","tunnel": "no","turn_lanes": null},"geometry": {"coordinates": [[-6.66,2173.89],[-33.93,2179.87],[-90.47,2166.9],[-149.33,2151.94],[-204.87,2143.95],[-281.03,2134.64],[-354.86,2130.98]],"type": "LineString"}},
    {"type": "Feature","id": 138,"properties": {"bridge": "no","highway": "residential","id": 138,"lanes": 2,"layer": 0,"link": "no","maxspeed": 30,"name": null,"oneway": "no","ref_id": "R_0138","surface": "asphalt","tunnel": "no","turn_lanes": null},"geometry": {"coordinates": [[-170.53,2338.56],[-371.52,2320.4],[-364.7,2230.8],[-364.56,2227.56],[-364.2,2218.97],[-363.69,2206.8],[-363.11,2192.77],[-362.57,2178.63],[-362.12,2166.12],[-361.87,2156.99],[-361.88,2152.97],[-361.71,2151.35],[-360.98,2148.54],[-359.86,2144.98],[-358.54,2141.09],[-357.2,2137.32],[-356.02,2134.09],[-355.18,2131.83],[-354.86,2130.98],[-355.3,2069.95]],"type": "LineString"}},
    {"type": "Feature","id": 139,"properties": {"bridge": "no","highway": "residential","id": 139,"lanes": 2,"layer": 0,"link": "no","maxspeed": 30,"name": null,"oneway": "no","ref_id": "R_0139","surface": "asphalt","tunnel": "no","turn_lanes": null},"geometry": {"coordinates": [[-361.88,2152.97],[-458.62,2142.96],[-459.61,2068.79]],"type": "LineString"}},
    {"type": "Feature","id": 140,"properties": {"bridge": "no","highway": "residential","id": 140,"lanes": 2,"layer": 0,"link": "no","maxspeed": 30,"name": null,"oneway": "no","ref_id": "R_0140","surface": "asphalt","tunnel": "no","turn_lanes": null},"geometry": {"coordinates": [[-459.62,2068.79],[-456.93,2068.93],[-449.83,2069.27],[-439.75,2069.76],[-428.15,2070.31],[-416.46,2070.87],[-406.12,2071.36],[-398.58,2071.7],[-395.27,2071.84],[-393.02,2071.75],[-388.23,2071.54],[-381.8,2071.24],[-374.58,2070.89],[-367.45,2070.55],[-361.28,2070.25],[-356.94,2070.03],[-355.3,2069.95],[-323.55,2062.9],[-296.74,2054.9],[-267.58,2053.26],[-141.56,2053.2]],"type": "LineString"}},
    {"type": "Feature","id": 141,"properties": {"bridge": "no","highway": "residential","id": 141,"lanes": 2,"layer": 0,"link": "no","maxspeed": 30,"name": null,"oneway": "no","ref_id": "R_0141","surface": "asphalt","tunnel": "no","turn_lanes": null},"geometry": {"coordinates": [[-276.06,2053.74],[-274.55,2135.43]],"type": "LineString"}},
    {"type": "Feature","id": 142,"properties": {"bridge": "no","highway": "residential","id": 142,"lanes": 2,"layer": 0,"link": "no","maxspeed": 30,"name": null,"oneway": "no","ref_id": "R_0142","surface": "asphalt","tunnel": "no","turn_lanes": null},"geometry": {"coordinates": [[-157.99,2256.02],[-365.13,2236.38],[-387.51,2228.69],[-503.92,2216.69],[-558.47,2211.52],[-602.21,2203.05],[-789.66,2204.25],[-839.02,2209.4],[-888.4,2220.22],[-1040.28,2269.33],[-1147.37,2316.22],[-1254.45,2368.44]],"type": "LineString"}},
    {"type": "Feature","id": 143,"properties": {"bridge": "no","highway": "residential","id": 143,"lanes": 2,"layer": 0,"link": "no","maxspeed": 30,"name": null,"oneway": "no","ref_id": "R_0143","surface": "asphalt","tunnel": "no","turn_lanes": null},"geometry": {"coordinates": [[937.83,1954.72],[980.73,1973.02],[1019.64,1983.99],[1061.22,1986.65],[1117.42,1987.65],[1185.93,1999.29],[1264.02,2016.34],[1352.44,2030.92],[1421.58,2044.09],[1466.26,2056.31]],"type": "LineString"}},
    {"type": "Feature","id": 144,"properties": {"bridge": "no","highway": "residential","id": 144,"lanes": 2,"layer": 0,"link": "no","maxspeed": 30,"name": null,"oneway": "no","ref_id": "R_0144","surface": "asphalt","tunnel": "no","turn_lanes": null},"geometry": {"coordinates": [[1469.12,2222.99],[1457.64,2200.16],[1453.98,2170.23],[1457.3,2118.68],[1466.26,2056.31],[1479.25,1992.97],[1483.9,1962.96],[1488.83,1942.5],[1493.54,1934.97],[1504.12,1936.15],[1520.58,1951.67],[1556.09,1985.06],[1578.03,1989.31]],"type": "LineString"}},
    {"type": "Feature","id": 145,"properties": {"bridge": "no","highway": "residential","id": 145,"lanes": 2,"layer": 0,"link": "no","maxspeed": 30,"name": null,"oneway": "no","ref_id": "R_0145","surface": "asphalt","tunnel": "no","turn_lanes": null},"geometry": {"coordinates": [[1560.07,2116.35],[1653.92,2183.3]],"type": "LineString"}},
    {"type": "Feature","id": 146,"properties": {"bridge": "no","highway": "residential","id": 146,"lanes": 2,"layer": 0,"link": "no","maxspeed": 30,"name": null,"oneway": "no","ref_id": "R_0146","surface": "asphalt","tunnel": "no","turn_lanes": null},"geometry": {"coordinates": [[1253.97,2348.74],[1279.78,2416.35],[1314.11,2519.35],[1353.38,2624.93],[1362.32,2655.5]],"type": "LineString"}},
    {"type": "Feature","id": 147,"properties": {"bridge": "no","highway": "residential","id": 147,"lanes": 2,"layer": 0,"link": "no","maxspeed": 30,"name": null,"oneway": "no","ref_id": "R_0147","surface": "asphalt","tunnel": "no","turn_lanes": null},"geometry": {"coordinates": [[1000.64,2819.18],[1111.64,2888.78],[1141.27,2910.89],[1162.65,2929.15],[1170.96,2953.09],[1169.3,2980.03],[1154.67,3009.96],[1116.09,3061.18],[1089.48,3081.46],[1070.53,3083.46],[1053.23,3072.48]],"type": "LineString"}},
    {"type": "Feature","id": 148,"properties": {"bridge": "no","highway": "residential","id": 148,"lanes": 2,"layer": 0,"link": "no","maxspeed": 30,"name": null,"oneway": "no","ref_id": "R_0148","surface": "asphalt","tunnel": "no","turn_lanes": null},"geometry": {"coordinates": [[-1611.0,3080.85],[-1593.67,3056.19],[-1577.71,3014.95],[-1568.73,2986.35],[-1552.76,2957.75],[-1534.81,2933.14],[-1523.17,2911.85],[-1510.88,2844.1],[-1499.59,2786.72],[-1481.72,2732.64],[-1463.37,2695.01],[-1442.21,2674.32],[-1413.99,2661.62],[-1380.6,2658.8],[-1354.41,2659.28],[-1228.51,2661.43],[-1167.65,2664.42],[-1131.73,2672.07],[-1088.83,2688.03],[-1086.16,2689.09],[-1079.08,2691.9],[-1069.03,2695.91],[-1057.45,2700.55],[-1045.75,2705.26],[-1035.38,2709.5],[-1027.76,2712.7],[-1024.32,2714.31],[-1022.42,2715.76],[-1018.86,2718.54],[-1014.24,2722.19],[-1009.14,2726.24],[-1004.15,2730.2],[-999.86,2733.62],[-996.85,2736.02],[-995.71,2736.92],[-974.76,2764.86],[-958.47,2810.09],[-945.16,2847.33],[-942.84,2869.28]],"type": "LineString"}},
    {"type": "Feature","id": 149,"properties": {"bridge": "no","highway": "residential","id": 149,"lanes": 2,"layer": 0,"link": "no","maxspeed": 30,"name": null,"oneway": "no","ref_id": "R_0149","surface": "asphalt","tunnel": "no","turn_lanes": null},"geometry": {"coordinates": [[-1138.23,2670.69],[-1163.0,2730.6],[-1181.95,2786.48],[-1193.26,2816.41],[-1200.24,2848.67],[-1205.9,2920.5],[-1212.88,2946.11],[-1230.84,2961.41],[-1260.44,2970.72],[-1354.76,2967.05],[-1453.66,2970.05],[-1486.25,2966.39],[-1505.54,2958.75],[-1522.17,2944.44],[-1534.81,2933.14],[-1618.95,2879.93],[-1622.98,2876.88],[-1633.62,2868.85],[-1648.69,2857.5],[-1666.0,2844.47],[-1683.38,2831.42],[-1698.64,2820.02],[-1709.59,2811.91],[-1714.06,2808.76],[-1715.76,2807.86],[-1719.4,2805.71],[-1724.33,2802.72],[-1729.86,2799.32],[-1735.33,2795.94],[-1740.06,2793.0],[-1743.4,2790.92],[-1744.66,2790.13],[-1780.91,2766.52]],"type": "LineString"}},
    {"type": "Feature","id": 150,"properties": {"bridge": "no","highway": "residential","id": 150,"lanes": 2,"layer": 0,"link": "no","maxspeed": 30,"name": null,"oneway": "no","ref_id": "R_0150","surface": "asphalt","tunnel": "no","turn_lanes": null},"geometry": {"coordinates": [[-1751.64,2589.93],[-1827.47,2639.15],[-1878.35,2685.37],[-1922.58,2732.6],[-1978.12,2799.11],[-2032.99,2875.27],[-2065.92,2923.82],[-2098.51,2972.05],[-2124.17,3016.48],[-2142.52,3055.98],[-2146.51,3081.85],[-2144.87,3194.96],[-2142.75,3341.47],[-2143.74,3506.15],[-2145.4,3693.39],[-2144.74,3730.3],[-2136.75,3760.23],[-2122.45,3788.17],[-2111.81,3805.79],[-2109.82,3818.1],[-2109.54,3830.66]],"type": "LineString"}},
    {"type": "Feature","id": 151,"properties": {"bridge": "no","highway": "residential","id": 151,"lanes": 2,"layer": 0,"link": "no","maxspeed": 30,"name": null,"oneway": "no","ref_id": "R_0151","surface": "asphalt","tunnel": "no","turn_lanes": null},"geometry": {"coordinates": [[-1914.1,3914.05],[-1864.71,3972.74],[-1840.77,4013.32],[-1800.2,4072.85],[-1764.61,4118.41],[-1726.03,4153.0],[-1683.13,4186.58],[-1549.91,4285.64],[-1488.77,4331.26],[-1371.19,4438.96],[-1326.29,4497.2],[-1304.34,4539.11],[-1284.65,4593.7],[-1264.9,4662.84],[-1259.25,4709.4],[-1255.96,4753.14],[-1257.37,4842.03],[-1272.42,4931.39],[-1295.0,5013.7],[-1320.86,5082.36],[-1372.6,5191.48],[-1418.22,5268.14],[-1475.6,5348.56],[-1546.62,5430.87],[-1624.6,5523.51],[-1713.11,5599.25],[-1761.56,5619.47],[-1808.59,5625.11],[-1857.5,5619.94],[-1929.46,5592.66],[-2050.95,5523.17],[-2115.47,5485.93],[-2202.93,5441.03],[-2260.8,5412.43],[-2342.28,5380.83],[-2438.72,5341.59],[-2486.32,5314.7],[-2548.87,5276.61],[-2598.73,5243.21],[-2663.21,5208.56],[-2723.4,5182.29],[-2777.61,5170.98],[-2860.09,5162.0],[-2986.74,5163.26],[-3113.73,5166.55],[-3180.99,5179.25],[-3230.37,5200.41],[-3325.68,5253.13],[-3398.85,5292.37],[-3451.72,5318.98],[-3483.32,5323.3],[-3512.25,5320.97],[-3513.47,5320.59],[-3516.69,5319.58],[-3521.27,5318.16],[-3526.55,5316.51],[-3531.88,5314.86],[-3536.62,5313.4],[-3540.12,5312.34],[-3541.72,5311.88],[-3543.21,5311.64],[-3546.41,5311.16],[-3550.72,5310.51],[-3555.57,5309.79],[-3560.36,5309.08],[-3564.51,5308.47],[-3567.43,5308.04],[-3568.53,5307.88],[-3593.22,5307.65],[-3620.03,5310.94],[-3649.9,5320.82],[-3684.46,5338.69],[-3712.92,5358.68],[-3729.38,5381.72],[-3740.2,5411.12],[-3761.36,5473.2],[-3775.94,5504.24],[-3800.4,5538.34],[-3835.2,5566.56],[-3869.3,5584.43],[-3910.92,5600.42],[-3917.98,5610.06],[-3969.95,5623.7],[-4000.76,5636.17],[-4001.57,5636.71],[-4003.71,5638.17],[-4006.75,5640.25],[-4010.25,5642.66],[-4013.79,5645.13],[-4016.93,5647.38],[-4019.23,5649.11],[-4020.27,5650.04],[-4021.23,5651.5],[-4023.33,5654.62],[-4026.16,5658.82],[-4029.36,5663.53],[-4032.52,5668.19],[-4035.25,5672.23],[-4037.18,5675.07],[-4037.91,5676.14],[-4048.49,5705.3],[-4050.37,5745.75]],"type": "LineString"}},
    {"type": "Feature","id": 152,"properties": {"bridge": "no","highway": "residential","id": 152,"lanes": 2,"layer": 0,"link": "no","maxspeed": 30,"name": null,"oneway": "no","ref_id": "R_0152","surface": "asphalt","tunnel": "no","turn_lanes": null},"geometry": {"coordinates": [[-4524.24,4089.96],[-4520.09,4090.39],[-4509.14,4091.51],[-4493.61,4093.1],[-4475.73,4094.91],[-4457.75,4096.73],[-4441.88,4098.31],[-4430.38,4099.44],[-4425.46,4099.86],[-4420.34,4100.51],[-4408.3,4102.21],[-4391.68,4104.62],[-4372.84,4107.39],[-4354.11,4110.15],[-4337.82,4112.56],[-4326.34,4114.26],[-4321.99,4114.91],[-4211.93,4124.32],[-4088.24,4129.96],[-3993.7,4139.37],[-3876.12,4151.6],[-3784.41,4177.93],[-3723.77,4217.51],[-3667.56,4253.1],[-3627.99,4266.73],[-3592.07,4270.06],[-3391.22,4268.0],[-3264.16,4271.06],[-3231.23,4278.37],[-3186.67,4291.68],[-3136.12,4315.29],[-3099.87,4339.9],[-3004.75,4394.11],[-2918.62,4438.34],[-2867.07,4463.28],[-2857.8,4463.38],[-2835.81,4463.61]],"type": "LineString"}},
    {"type": "Feature","id": 153,"properties": {"bridge": "no","highway": "residential","id": 153,"lanes": 2,"layer": 0,"link": "no","maxspeed": 30,"name": null,"oneway": "no","ref_id": "R_0153","surface": "asphalt","tunnel": "no","turn_lanes": null},"geometry": {"coordinates": [[-2835.81,4463.61],[-2745.85,4463.45],[-2740.03,4440.67],[-2716.25,4392.44],[-2654.23,4278.82],[-2617.31,4206.15],[-2549.8,4082.82]],"type": "LineString"}},
    {"type": "Feature","id": 154,"properties": {"bridge": "no","highway": "residential","id": 154,"lanes": 2,"layer": 0,"link": "no","maxspeed": 30,"name": null,"oneway": "no","ref_id": "R_0154","surface": "asphalt","tunnel": "no","turn_lanes": null},"geometry": {"coordinates": [[-2659.4,4023.67],[-2595.44,4054.71],[-2549.8,4082.82],[-2522.07,4105.5],[-2509.37,4119.14]],"type": "LineString"}},
    {"type": "Feature","id": 155,"properties": {"bridge": "no","highway": "residential","id": 155,"lanes": 2,"layer": 0,"link": "no","maxspeed": 30,"name": null,"oneway": "no","ref_id": "R_0155","surface": "asphalt","tunnel": "no","turn_lanes": null},"geometry": {"coordinates": [[-2730.39,4152.66],[-2726.62,4154.7],[-2620.3,4212.05]],"type": "LineString"}},
    {"type": "Feature","id": 156,"properties": {"bridge": "no","highway": "residential","id": 156,"lanes": 2,"layer": 0,"link": "no","maxspeed": 30,"name": null,"oneway": "no","ref_id": "R_0156","surface": "asphalt","tunnel": "no","turn_lanes": null},"geometry": {"coordinates": [[-2745.35,4242.12],[-2751.21,4240.27],[-2762.11,4235.37],[-2767.69,4232.63],[-2776.24,4228.44],[-2791.83,4220.51],[-2807.07,4212.57],[-2820.18,4205.64],[-2829.36,4200.75],[-2832.82,4198.89],[-2978.48,4126.06],[-2996.11,4116.08],[-3022.38,4111.09],[-3065.28,4104.77],[-3068.84,4104.57],[-3078.2,4104.05],[-3091.41,4103.3],[-3106.52,4102.44],[-3121.57,4101.59],[-3134.59,4100.84],[-3143.64,4100.32],[-3146.76,4100.12],[-3151.2,4099.89],[-3163.74,4099.29],[-3181.73,4098.43],[-3202.51,4097.46],[-3223.43,4096.48],[-3241.84,4095.63],[-3255.08,4095.02],[-3260.5,4094.8],[-3266.32,4094.68],[-3280.64,4094.38],[-3300.58,4093.95],[-3323.31,4093.47],[-3345.96,4092.98],[-3365.68,4092.55],[-3379.6,4092.25],[-3384.88,4092.14]],"type": "LineString"}},
    {"type": "Feature","id": 157,"properties": {"bridge": "no","highway": "residential","id": 157,"lanes": 2,"layer": 0,"link": "no","maxspeed": 30,"name": null,"oneway": "no","ref_id": "R_0157","surface": "asphalt","tunnel": "no","turn_lanes": null},"geometry": {"coordinates": [[-1380.4,542.64],[-1381.99,541.22],[-1386.18,537.93],[-1392.11,533.39],[-1398.9,528.25],[-1405.7,523.14],[-1411.63,518.69],[-1415.82,515.56],[-1417.41,514.37],[-1527.49,462.49],[-1610.63,424.25],[-1652.2,407.95],[-1707.41,402.63],[-1859.38,388.55],[-2139.7,364.57],[-2224.35,359.39],[-2280.32,360.57],[-2314.89,372.09],[-2329.47,381.03]],"type": "LineString"}},
    {"type": "Feature","id": 158,"properties": {"bridge": "no","highway": "residential","id": 158,"lanes": 2,"layer": 0,"link": "no","maxspeed": 30,"name": null,"oneway": "no","ref_id": "R_0158","surface": "asphalt","tunnel": "no","turn_lanes": null},"geometry": {"coordinates": [[-2604.68,725.56],[-2541.82,673.34],[-2507.23,642.08],[-2474.31,606.16],[-2443.05,565.59],[-2415.45,506.39],[-2398.82,471.47]],"type": "LineString"}},
    {"type": "Feature","id": 159,"properties": {"bridge": "no","highway": "residential","id": 159,"lanes": 2,"layer": 0,"link": "no","maxspeed": 30,"name": null,"oneway": "no","ref_id": "R_0159","surface": "asphalt","tunnel": "no","turn_lanes": null},"geometry": {"coordinates": [[-2715.42,1739.22],[-2727.39,1709.62],[-2734.04,1675.7],[-2736.37,1648.43],[-2735.04,1574.27],[-2732.05,1487.01],[-2732.38,1390.69],[-2730.06,1211.1],[-2731.72,1137.94],[-2737.71,1096.7],[-2741.36,1060.78],[-2743.69,1021.87],[-2743.69,993.6],[-2743.24,991.49],[-2742.03,985.88],[-2740.33,977.93],[-2738.37,968.74],[-2736.42,959.47],[-2734.71,951.23],[-2733.51,945.16],[-2733.05,942.39],[-2732.69,939.96],[-2731.75,934.79],[-2730.42,927.83],[-2728.89,920.02],[-2727.37,912.31],[-2726.04,905.63],[-2725.09,900.93],[-2724.74,899.15],[-2721.41,882.19]],"type": "LineString"}},
    {"type": "Feature","id": 160,"properties": {"bridge": "no","highway": "residential","id": 160,"lanes": 2,"layer": 0,"link": "no","maxspeed": 30,"name": null,"oneway": "no","ref_id": "R_0160","surface": "asphalt","tunnel": "no","turn_lanes": null},"geometry": {"coordinates": [[-2467.77,597.67],[-2467.51,638.53],[-2467.98,715.66],[-2473.15,767.4],[-2474.8,817.49],[-2469.86,858.17],[-2457.63,888.04],[-2432.0,915.31],[-2402.37,936.95],[-2374.21,947.38],[-2319.67,963.67],[-2153.05,1005.58],[-2102.5,1015.89],[-2077.23,1018.21],[-2054.94,1009.9],[-2039.98,995.93],[-2032.66,970.66],[-2028.01,929.75],[-2027.67,908.8]],"type": "LineString"}},
    {"type": "Feature","id": 161,"properties": {"bridge": "no","highway": "residential","id": 161,"lanes": 2,"layer": 0,"link": "no","maxspeed": 30,"name": null,"oneway": "no","ref_id": "R_0161","surface": "asphalt","tunnel": "no","turn_lanes": null},"geometry": {"coordinates": [[-1994.08,896.49],[-1973.46,922.43],[-1963.15,946.05],[-1963.49,969.99],[-1974.79,1018.21],[-1991.42,1121.98],[-2016.03,1234.72],[-2029.0,1270.3],[-2051.28,1309.88],[-2089.53,1353.11],[-2147.73,1391.69],[-2204.38,1427.45]],"type": "LineString"}},
    {"type": "Feature","id": 162,"properties": {"bridge": "no","highway": "residential","id": 162,"lanes": 2,"layer": 0,"link": "no","maxspeed": 30,"name": null,"oneway": "no","ref_id": "R_0162","surface": "asphalt","tunnel": "no","turn_lanes": null},"geometry": {"coordinates": [[-1428.39,-1054.68],[-1315.82,-1074.08]],"type": "LineString"}},
    {"type": "Feature","id": 163,"properties": {"bridge": "no","highway": "residential","id": 163,"lanes": 2,"layer": 0,"link": "no","maxspeed": 30,"name": null,"oneway": "no","ref_id": "R_0163","surface": "asphalt","tunnel": "no","turn_lanes": null},"geometry": {"coordinates": [[-1391.8,-962.56],[-1386.48,-912.67],[-1380.83,-863.79],[-1375.74,-815.52],[-1372.01,-784.97],[-1371.68,-729.93],[-1375.84,-675.72],[-1385.15,-629.32],[-1401.53,-567.84],[-1412.34,-522.22],[-1414.93,-497.77],[-1410.46,-458.96],[-1403.78,-438.43]],"type": "LineString"}},
    {"type": "Feature","id": 164,"properties": {"bridge": "no","highway": "residential","id": 164,"lanes": 2,"layer": 0,"link": "no","maxspeed": 30,"name": null,"oneway": "no","ref_id": "R_0164","surface": "asphalt","tunnel": "no","turn_lanes": null},"geometry": {"coordinates": [[-1379.83,-422.8],[-1318.04,-545.97],[-1258.78,-669.2],[-1222.8,-745.63],[-1208.93,-761.15],[-1211.43,-762.16],[-1216.57,-764.26],[-1223.43,-767.07],[-1231.09,-770.2],[-1238.65,-773.29],[-1245.17,-775.96],[-1249.76,-777.84],[-1251.49,-778.55],[-1348.97,-823.37]],"type": "LineString"}},
    {"type": "Feature","id": 165,"properties": {"bridge": "no","highway": "residential","id": 165,"lanes": 2,"layer": 0,"link": "no","maxspeed": 30,"name": null,"oneway": "no","ref_id": "R_0165","surface": "asphalt","tunnel": "no","turn_lanes": null},"geometry": {"coordinates": [[-1294.32,-994.63],[-1278.77,-958.68],[-1242.65,-859.94],[-1245.89,-854.74],[-1238.32,-832.63],[-1208.93,-761.15],[-1200.24,-718.79],[-1190.93,-682.04]],"type": "LineString"}},
    {"type": "Feature","id": 166,"properties": {"bridge": "no","highway": "residential","id": 166,"lanes": 2,"layer": 0,"link": "no","maxspeed": 30,"name": null,"oneway": "no","ref_id": "R_0166","surface": "asphalt","tunnel": "no","turn_lanes": null},"geometry": {"coordinates": [[-1372.99,-712.89],[-1316.31,-690.85],[-1260.48,-665.67],[-1232.84,-652.27]],"type": "LineString"}},
    {"type": "Feature","id": 167,"properties": {"bridge": "no","highway": "residential","id": 167,"lanes": 2,"layer": 0,"link": "no","maxspeed": 30,"name": null,"oneway": "no","ref_id": "R_0167","surface": "asphalt","tunnel": "no","turn_lanes": null},"geometry": {"coordinates": [[-1184.95,-656.26],[-1177.63,-619.51]],"type": "LineString"}},
    {"type": "Feature","id": 168,"properties": {"bridge": "no","highway": "residential","id": 168,"lanes": 2,"layer": 0,"link": "no","maxspeed": 30,"name": null,"oneway": "no","ref_id": "R_0168","surface": "asphalt","tunnel": "no","turn_lanes": null},"geometry": {"coordinates": [[-1206.4,-641.13],[-1204.96,-640.64],[-1201.8,-639.36],[-1197.5,-637.54],[-1192.66,-635.46],[-1187.87,-633.37],[-1183.71,-631.56],[-1180.78,-630.27],[-1179.67,-629.78]],"type": "LineString"}},
    {"type": "Feature","id": 169,"properties": {"bridge": "no","highway": "residential","id": 169,"lanes": 2,"layer": 0,"link": "no","maxspeed": 30,"name": null,"oneway": "no","ref_id": "R_0169","surface": "asphalt","tunnel": "no","turn_lanes": null},"geometry": {"coordinates": [[-1177.63,-619.51],[-1194.09,-581.93],[-1289.7,-375.91],[-1313.9,-316.81],[-1326.74,-300.47],[-1357.79,-273.19],[-1393.77,-235.33],[-1406.23,-203.58],[-1416.34,-161.49],[-1430.69,-93.29],[-1443.38,-46.96],[-1458.67,-10.04],[-1483.13,44.75],[-1532.04,145.16],[-1547.8,167.03],[-1547.8,196.66],[-1544.97,250.28],[-1545.68,309.07],[-1545.49,454.22],[-1552.74,503.78],[-1566.37,544.94],[-1589.19,576.68],[-1621.4,618.54],[-1686.79,685.31],[-1869.37,865.57],[-1903.96,887.18],[-1957.83,885.85],[-1993.42,876.21],[-2020.36,855.59],[-2029.0,833.64],[-2040.31,765.79],[-2048.29,720.23],[-2057.6,644.41],[-2060.6,573.57],[-2054.28,478.12],[-2048.1,372.4]],"type": "LineString"}},
    {"type": "Feature","id": 170,"properties": {"bridge": "no","highway": "residential","id": 170,"lanes": 2,"layer": 0,"link": "no","maxspeed": 30,"name": null,"oneway": "no","ref_id": "R_0170","surface": "asphalt","tunnel": "no","turn_lanes": null},"geometry": {"coordinates": [[-2040.1,280.76],[-2044.4,365.86],[-2048.1,372.4]],"type": "LineString"}},
    {"type": "Feature","id": 171,"properties": {"bridge": "no","highway": "residential","id": 171,"lanes": 2,"layer": 0,"link": "no","maxspeed": 30,"name": null,"oneway": "no","ref_id": "R_0171","surface": "asphalt","tunnel": "no","turn_lanes": null},"geometry": {"coordinates": [[-1374.07,330.96],[-1310.52,339.17],[-1258.31,346.93],[-1229.39,349.52],[-1185.41,347.87],[-1058.57,349.42],[-931.2,357.07],[-867.68,358.73],[-842.73,356.74]],"type": "LineString"}},
    {"type": "Feature","id": 172,"properties": {"bridge": "no","highway": "motorway","id": 172,"lanes": 2,"layer": 0,"link": "yes","maxspeed": 65,"name": null,"oneway": "no","ref_id": "R_0172","surface": "asphalt","tunnel": "no","turn_lanes": null},"geometry": {"coordinates": [[-3005.0,290.55],[-2985.11,287.83],[-2960.36,273.76],[-2946.06,248.56],[-2944.92,221.09],[-2947.88,180.91],[-2957.16,108.17]],"type": "LineString"}},
    {"type": "Feature","id": 173,"properties": {"bridge": "no","highway": "motorway","id": 173,"lanes": 2,"layer": 0,"link": "no","maxspeed": 65,"name": null,"oneway": "yes","ref_id": "R_0173","surface": "asphalt","tunnel": "no","turn_lanes": null},"geometry": {"coordinates": [[-957.14,577.23],[-1270.07,501.43],[-1412.58,460.75],[-1553.2,415.36],[-1628.93,375.86],[-1685.83,342.46],[-1770.49,301.08],[-1813.29,286.97],[-1878.67,267.21],[-1928.05,259.22],[-2073.57,257.97],[-2213.54,259.92],[-2390.85,257.81],[-2503.25,249.34],[-2870.4,216.73],[-2993.45,207.08],[-3065.1,208.96],[-3138.45,214.73],[-3218.93,226.71],[-3277.46,244.0],[-3428.85,286.97],[-3524.32,309.07],[-3604.28,323.65],[-3670.59,328.83],[-3877.53,330.71],[-4454.62,324.59],[-4721.29,323.65],[-4859.56,326.47],[-4971.5,334.47],[-5058.51,349.52],[-5197.25,381.97],[-5214.4,386.72],[-5259.54,399.23],[-5323.25,416.92],[-5396.08,437.17],[-5468.61,457.41],[-5531.39,475.03],[-5574.99,487.43],[-5589.97,492.03],[-5593.9,493.98],[-5608.38,499.42],[-5630.06,507.2],[-5655.59,516.16],[-5681.62,525.14],[-5704.79,532.98],[-5721.75,538.54],[-5729.15,540.65],[-5734.58,542.19],[-5746.42,546.26],[-5762.47,552.01],[-5780.53,558.61],[-5798.4,565.2],[-5813.89,570.95],[-5824.79,575.02],[-5828.92,576.56],[-5909.4,618.47],[-6011.83,677.66],[-6098.3,739.52],[-6167.47,803.38],[-6231.99,881.86],[-6271.23,960.35],[-6311.14,1064.77],[-6345.06,1231.72],[-6361.03,1346.13],[-6365.02,1447.89],[-6364.35,1574.93],[-6361.03,1727.91],[-6345.06,1902.18],[-6323.11,2123.67],[-6301.83,2297.93],[-6289.86,2389.72],[-6284.53,2448.25],[-6283.2,2481.51],[-6279.21,2587.93],[-6281.21,2681.05],[-6283.7,2818.71],[-6282.29,2903.36],[-6271.94,3071.27],[-6273.35,3155.46],[-6275.23,3280.56],[-6274.29,3353.46],[-6279.46,3416.48],[-6294.98,3526.07],[-6301.1,3624.37],[-6305.33,3724.54],[-6306.74,3859.53],[-6303.92,3940.89],[-6285.11,4056.59],[-6259.71,4137.96],[-6235.72,4200.04],[-6184.93,4338.31],[-6134.13,4471.41],[-6100.27,4554.66],[-6071.58,4615.8],[-6051.36,4652.49]],"type": "LineString"}},
    {"type": "Feature","id": 174,"properties": {"bridge": "no","highway": "motorway","id": 174,"lanes": 2,"layer": 0,"link": "no","maxspeed": 65,"name": null,"oneway": "yes","ref_id": "R_0174","surface": "asphalt","tunnel": "no","turn_lanes": null},"geometry": {"coordinates": [[-6071.58,4615.8],[-6133.19,4529.73],[-6168.47,4447.43],[-6228.67,4286.11],[-6286.52,4120.56],[-6300.16,4077.76],[-6318.03,3993.57],[-6325.56,3932.43],[-6329.32,3843.07],[-6328.85,3732.07],[-6323.67,3619.19],[-6313.8,3500.67],[-6309.09,3448.47],[-6300.63,3400.49],[-6298.28,3367.1],[-6299.69,3295.61],[-6296.87,3255.16],[-6294.98,3092.9],[-6298.75,2995.55],[-6306.74,2966.86],[-6319.91,2933.93],[-6327.44,2913.71],[-6332.14,2895.37],[-6329.79,2873.26],[-6316.62,2820.12],[-6310.04,2779.67],[-6307.21,2741.1],[-6304.39,2700.65],[-6303.45,2595.77],[-6303.92,2437.27],[-6315.21,2323.93],[-6332.14,2196.94],[-6342.49,2092.53],[-6360.36,1905.34],[-6371.18,1777.88],[-6375.88,1708.75],[-6381.05,1588.34],[-6381.99,1479.7],[-6383.88,1366.82],[-6380.11,1317.44],[-6371.65,1245.95],[-6360.83,1169.76],[-6347.66,1098.27],[-6326.03,1009.85],[-6325.04,1007.63],[-6322.44,1001.77],[-6318.76,993.45],[-6314.51,983.85],[-6310.23,974.16],[-6306.45,965.56],[-6303.7,959.23],[-6302.49,956.36],[-6301.12,953.67],[-6297.9,947.82],[-6293.47,939.91],[-6288.44,931.0],[-6283.45,922.18],[-6279.11,914.55],[-6276.05,909.17],[-6274.89,907.14],[-6195.07,801.05],[-6154.17,757.48],[-6076.02,693.96],[-5992.87,639.42],[-5911.67,590.79],[-5800.21,537.65],[-5681.22,491.08],[-5591.38,464.28],[-5368.45,399.84],[-5199.14,358.45],[-5067.45,330.23],[-4971.03,317.07],[-4742.92,310.48],[-4517.42,310.86],[-4343.68,309.4],[-4115.86,311.64],[-3912.66,314.5],[-3748.38,309.85],[-3654.26,305.86],[-3575.77,299.54],[-3454.72,273.26],[-3372.24,248.99],[-3251.85,214.73],[-3147.76,195.44],[-3088.89,191.79],[-3019.72,191.45],[-2935.58,195.11],[-2822.6,205.13],[-2667.2,216.4],[-2482.96,234.69],[-2357.91,240.34],[-2232.2,240.34],[-2149.06,237.68],[-2006.59,236.17],[-1921.7,238.76],[-1843.63,253.1],[-1781.9,273.26],[-1720.38,301.2],[-1650.87,340.44],[-1597.66,369.71],[-1558.09,392.32],[-1502.22,409.62],[-1491.68,412.69],[-1463.94,420.8],[-1424.79,432.24],[-1380.03,445.35],[-1335.44,458.44],[-1296.82,469.82],[-1269.96,477.82],[-1260.66,480.74],[-1253.98,482.32],[-1234.0,486.78],[-1205.11,493.18],[-1171.67,500.54],[-1138.06,507.93],[-1108.64,514.39],[-1087.78,518.96],[-1079.85,520.69],[-954.14,545.97]],"type": "LineString"}},
    {"type": "Feature","id": 175,"properties": {"bridge": "no","highway": "motorway","id": 175,"lanes": 2,"layer": 0,"link": "yes","maxspeed": 65,"name": null,"oneway": "yes","ref_id": "R_0175","surface": "asphalt","tunnel": "no","turn_lanes": null},"geometry": {"coordinates": [[-3757.84,329.62],[-3795.23,344.11],[-3809.81,362.69],[-3814.51,381.03],[-3808.16,400.08],[-3794.29,412.78],[-3772.89,416.54],[-3752.43,413.95],[-3741.14,406.19],[-3729.85,388.55],[-3721.86,356.81],[-3714.0,313.7]],"type": "LineString"}},
    {"type": "Feature","id": 176,"properties": {"bridge": "no","highway": "motorway","id": 176,"lanes": 2,"layer": 0,"link": "yes","maxspeed": 65,"name": null,"oneway": "yes","ref_id": "R_0176","surface": "asphalt","tunnel": "no","turn_lanes": null},"geometry": {"coordinates": [[-3705.97,421.34],[-3710.26,419.3],[-3714.28,417.47],[-3718.04,415.84],[-3721.54,414.42],[-3724.77,413.2],[-3727.75,412.19],[-3730.46,411.38],[-3732.91,410.78],[-3744.72,419.59],[-3767.33,424.25],[-3788.95,421.92],[-3813.56,411.28],[-3915.66,353.08],[-3952.9,339.44],[-3993.15,329.48]],"type": "LineString"}},
    {"type": "Feature","id": 177,"properties": {"bridge": "no","highway": "motorway","id": 177,"lanes": 2,"layer": 0,"link": "yes","maxspeed": 65,"name": null,"oneway": "yes","ref_id": "R_0177","surface": "asphalt","tunnel": "no","turn_lanes": null},"geometry": {"coordinates": [[-3709.55,378.58],[-3720.44,393.98],[-3732.91,410.78]],"type": "LineString"}},
    {"type": "Feature","id": 178,"properties": {"bridge": "no","highway": "motorway","id": 178,"lanes": 2,"layer": 0,"link": "yes","maxspeed": 65,"name": null,"oneway": "yes","ref_id": "R_0178","surface": "asphalt","tunnel": "no","turn_lanes": null},"geometry": {"coordinates": [[-4030.87,311.77],[-3892.11,300.13],[-3776.41,288.85],[-3715.64,286.85],[-3664.57,282.24],[-3619.01,281.58],[-3570.12,279.58],[-3513.25,273.93],[-3422.35,263.73]],"type": "LineString"}},
    {"type": "Feature","id": 179,"properties": {"bridge": "no","highway": "motorway","id": 179,"lanes": 2,"layer": 0,"link": "yes","maxspeed": 65,"name": null,"oneway": "yes","ref_id": "R_0179","surface": "asphalt","tunnel": "no","turn_lanes": null},"geometry": {"coordinates": [[-3717.94,240.16],[-3697.4,264.63],[-3682.35,273.56],[-3661.13,282.19]],"type": "LineString"}},
    {"type": "Feature","id": 180,"properties": {"bridge": "no","highway": "motorway","id": 180,"lanes": 2,"layer": 0,"link": "yes","maxspeed": 65,"name": null,"oneway": "yes","ref_id": "R_0180","surface": "asphalt","tunnel": "no","turn_lanes": null},"geometry": {"coordinates": [[-3768.16,288.58],[-3745.84,279.21],[-3733.85,263.45],[-3717.94,240.16]],"type": "LineString"}},
    {"type": "Feature","id": 181,"properties": {"bridge": "no","highway": "motorway","id": 181,"lanes": 2,"layer": 0,"link": "yes","maxspeed": 65,"name": null,"oneway": "yes","ref_id": "R_0181","surface": "asphalt","tunnel": "no","turn_lanes": null},"geometry": {"coordinates": [[-4630.68,390.66],[-4583.25,402.9],[-4550.8,413.01],[-4526.34,413.72],[-4508.94,405.25],[-4499.06,386.91],[-4497.89,371.86],[-4504.71,356.57],[-4518.58,345.28],[-4538.1,340.58],[-4607.48,324.05]],"type": "LineString"}},
    {"type": "Feature","id": 182,"properties": {"bridge": "no","highway": "motorway","id": 182,"lanes": 2,"layer": 0,"link": "yes","maxspeed": 65,"name": null,"oneway": "yes","ref_id": "R_0182","surface": "asphalt","tunnel": "no","turn_lanes": null},"geometry": {"coordinates": [[-4359.6,325.6],[-4423.81,336.82],[-4440.51,345.29],[-4456.03,361.75],[-4468.49,384.79],[-4486.13,412.31],[-4502.36,424.77],[-4526.34,431.82],[-4540.92,430.88],[-4556.44,428.3],[-4588.42,413.72],[-4630.68,390.66]],"type": "LineString"}},
    {"type": "Feature","id": 183,"properties": {"bridge": "no","highway": "motorway","id": 183,"lanes": 2,"layer": 0,"link": "yes","maxspeed": 65,"name": null,"oneway": "yes","ref_id": "R_0183","surface": "asphalt","tunnel": "no","turn_lanes": null},"geometry": {"coordinates": [[-4683.22,310.11],[-4600.41,295.54],[-4540.55,291.55],[-4410.18,290.22],[-4387.24,292.55],[-4381.94,294.47],[-4376.24,296.48],[-4370.31,298.58],[-4364.34,300.73],[-4358.5,302.91],[-4352.99,305.1],[-4347.99,307.27],[-4343.68,309.4]],"type": "LineString"}},
    {"type": "Feature","id": 184,"properties": {"bridge": "no","highway": "motorway","id": 184,"lanes": 2,"layer": 0,"link": "yes","maxspeed": 65,"name": null,"oneway": "yes","ref_id": "R_0184","surface": "asphalt","tunnel": "no","turn_lanes": null},"geometry": {"coordinates": [[-4357.03,270.97],[-4353.5,290.02],[-4343.68,309.4]],"type": "LineString"}},
    {"type": "Feature","id": 185,"properties": {"bridge": "no","highway": "motorway","id": 185,"lanes": 2,"layer": 0,"link": "yes","maxspeed": 65,"name": null,"oneway": "yes","ref_id": "R_0185","surface": "asphalt","tunnel": "no","turn_lanes": null},"geometry": {"coordinates": [[-4387.24,292.55],[-4368.31,281.09],[-4357.03,270.97]],"type": "LineString"}},
    {"type": "Feature","id": 186,"properties": {"bridge": "no","highway": "residential","id": 186,"lanes": 1,"layer": 0,"link": "no","maxspeed": 30,"name": null,"oneway": "yes","ref_id": "R_0186","surface": "asphalt","tunnel": "no","turn_lanes": null},"geometry": {"coordinates": [[-4912.12,89.66],[-4918.35,103.32],[-4916.69,126.27]],"type": "LineString"}},
    {"type": "Feature","id": 187,"properties": {"bridge": "no","highway": "trunk","id": 187,"lanes": 2,"layer": 0,"link": "no","maxspeed": 55,"name": null,"oneway": "yes","ref_id": "R_0187","surface": "asphalt","tunnel": "no","turn_lanes": null},"geometry": {"coordinates": [[-1518.71,-1318.39],[-1506.61,-1250.04],[-1471.13,-1133.13],[-1441.36,-1056.81],[-1420.76,-996.96],[-1411.61,-942.02],[-1407.03,-867.79],[-1408.01,-783.41],[-1413.69,-723.0],[-1424.03,-662.91],[-1439.23,-604.38],[-1463.6,-544.85],[-1518.22,-448.05],[-1570.03,-374.25],[-1657.25,-277.59],[-1729.7,-220.24],[-1791.17,-181.1],[-1925.3,-119.32],[-2020.52,-91.68],[-2108.53,-78.81],[-2225.13,-74.27],[-2294.79,-65.56],[-2351.58,-53.44],[-2405.14,-31.3],[-2462.88,-4.23],[-2517.58,31.17],[-2563.39,72.24],[-2609.57,117.67],[-2659.92,178.43],[-2744.91,327.78],[-2825.17,470.5],[-2875.52,575.37],[-2903.91,646.92],[-2933.82,743.07],[-2947.26,829.96],[-2953.89,892.61],[-2953.51,991.42],[-2944.42,1065.24],[-2922.84,1169.72],[-2892.94,1257.17],[-2870.98,1317.75],[-2858.49,1363.17],[-2852.43,1434.35],[-2852.05,1487.17],[-2851.67,1669.06],[-2846.81,1866.81],[-2842.84,1984.3],[-2833.66,2363.7],[-2836.58,2504.77],[-2838.88,2683.2],[-2842.63,2792.97],[-2841.42,2865.96],[-2836.88,2927.03],[-2832.34,2974.48],[-2820.52,3030.4],[-2782.88,3127.72],[-2739.5,3262.04],[-2670.25,3475.47],[-2630.81,3615.7],[-2614.16,3684.07],[-2590.93,3786.62],[-2579.54,3845.34],[-2580.13,3888.81],[-2583.04,3913.71],[-2606.27,3970.24],[-2633.72,4036.13],[-2708.51,4164.46],[-2748.28,4241.19],[-2787.04,4319.65],[-2813.4,4364.66],[-2828.85,4398.49],[-2836.59,4428.85],[-2838.97,4463.58],[-2837.02,4484.57],[-2829.47,4511.41],[-2808.54,4610.85],[-2739.79,4896.36],[-2724.37,4960.34],[-2714.81,5016.45],[-2712.65,5051.76],[-2715.27,5120.67],[-2722.21,5159.67],[-2737.32,5233.98],[-2764.45,5344.36],[-2798.06,5492.36],[-2819.64,5569.44],[-2840.3,5728.23]],"type": "LineString"}},
    {"type": "Feature","id": 188,"properties": {"bridge": "no","highway": "motorway","id": 188,"lanes": 2,"layer": 0,"link": "yes","maxspeed": 65,"name": null,"oneway": "yes","ref_id": "R_0188","surface": "asphalt","tunnel": "no","turn_lanes": null},"geometry": {"coordinates": [[-3251.85,214.73],[-3203.78,193.15],[-3171.42,175.9],[-3145.45,164.67],[-3127.05,163.12],[-3108.06,164.47],[-3094.88,171.25]],"type": "LineString"}},
    {"type": "Feature","id": 189,"properties": {"bridge": "yes","highway": "motorway","id": 189,"lanes": 2,"layer": 1,"link": "yes","maxspeed": 65,"name": null,"oneway": "yes","ref_id": "R_0189","surface": "asphalt","tunnel": "no","turn_lanes": null},"geometry": {"coordinates": [[-3094.88,171.25],[-3084.8,182.69],[-3074.73,200.9],[-3061.55,233.07]],"type": "LineString"}},
    {"type": "Feature","id": 190,"properties": {"bridge": "no","highway": "motorway","id": 190,"lanes": 2,"layer": 0,"link": "yes","maxspeed": 65,"name": null,"oneway": "yes","ref_id": "R_0190","surface": "asphalt","tunnel": "no","turn_lanes": null},"geometry": {"coordinates": [[-3061.55,233.07],[-3055.74,249.15],[-3046.82,266.01],[-3033.26,281.51],[-3022.25,286.36],[-3004.68,290.61]],"type": "LineString"}},
    {"type": "Feature","id": 191,"properties": {"bridge": "no","highway": "motorway","id": 191,"lanes": 4,"layer": 0,"link": "no","maxspeed": 65,"name": null,"oneway": "no","ref_id": "R_0191","surface": "asphalt","tunnel": "no","turn_lanes": null},"geometry": {"coordinates": [[-3005.0,290.55],[-3041.41,292.87],[-3065.69,291.29],[-3089.39,281.62],[-3101.04,275.3]],"type": "LineString"}},
    {"type": "Feature","id": 192,"properties": {"bridge": "no","highway": "motorway","id": 192,"lanes": 2,"layer": 0,"link": "yes","maxspeed": 65,"name": null,"oneway": "yes","ref_id": "R_0192","surface": "asphalt","tunnel": "no","turn_lanes": null},"geometry": {"coordinates": [[-3101.04,275.3],[-3124.04,262.76],[-3142.8,247.56],[-3157.02,237.39],[-3168.57,231.37],[-3180.81,229.0],[-3218.93,226.71]],"type": "LineString"}},
    {"type": "Feature","id": 193,"properties": {"bridge": "no","highway": "motorway","id": 193,"lanes": 2,"layer": 0,"link": "yes","maxspeed": 65,"name": null,"oneway": "yes","ref_id": "R_0193","surface": "asphalt","tunnel": "no","turn_lanes": null},"geometry": {"coordinates": [[-3065.1,208.96],[-3079.61,211.63],[-3088.0,215.18],[-3100.44,223.08],[-3106.56,232.06],[-3109.92,240.16],[-3110.32,252.2],[-3107.45,263.06],[-3101.04,275.3]],"type": "LineString"}},
    {"type": "Feature","id": 194,"properties": {"bridge": "no","highway": "trunk","id": 194,"lanes": 2,"layer": 0,"link": "no","maxspeed": 55,"name": null,"oneway": "yes","ref_id": "R_0194","surface": "asphalt","tunnel": "no","turn_lanes": null},"geometry": {"coordinates": [[-2857.87,5720.07],[-2837.53,5630.81],[-2829.63,5584.41],[-2827.07,5563.48]],"type": "LineString"}},
    {"type": "Feature","id": 195,"properties": {"bridge": "no","highway": "trunk","id": 195,"lanes": 2,"layer": 0,"link": "no","maxspeed": 55,"name": null,"oneway": "yes","ref_id": "R_0195","surface": "asphalt","tunnel": "no","turn_lanes": null},"geometry": {"coordinates": [[-2825.49,5522.36],[-2799.94,5420.84],[-2772.39,5310.22],[-2755.96,5244.91],[-2739.3,5168.27],[-2731.52,5124.96],[-2726.41,5090.52],[-2727.08,5045.21],[-2737.96,4975.9],[-2760.84,4882.38],[-2829.04,4593.38],[-2847.7,4529.63],[-2855.03,4487.2],[-2857.8,4463.38],[-2857.47,4432.27],[-2853.25,4404.73],[-2842.48,4372.07],[-2807.38,4306.65],[-2767.69,4232.63],[-2726.62,4154.7],[-2659.4,4023.67],[-2631.45,3976.33],[-2611.01,3925.46],[-2580.13,3888.81],[-2603.24,3844.83],[-2620.12,3773.08],[-2646.55,3635.13],[-2677.65,3523.62],[-2737.85,3336.58],[-2787.83,3168.64],[-2819.82,3075.34],[-2836.26,3017.59],[-2845.18,2974.37],[-2849.37,2943.61],[-2856.47,2876.31],[-2860.25,2802.56],[-2859.14,2691.04],[-2847.37,2408.93],[-2846.48,2341.17],[-2848.7,2177.24],[-2862.47,1972.2],[-2869.14,1873.13],[-2879.35,1753.62],[-2885.13,1584.79],[-2886.46,1487.19],[-2887.35,1407.97],[-2890.02,1367.54],[-2903.35,1322.67],[-2939.33,1223.6],[-2964.66,1132.52],[-2977.1,1070.76],[-2978.87,1017.01],[-2983.54,931.48],[-2980.87,867.29],[-2962.66,757.55],[-2929.34,652.03],[-2886.24,555.63],[-2808.94,412.12],[-2729.86,276.62],[-2676.76,185.99],[-2634.78,128.68],[-2564.58,55.37],[-2502.83,5.61],[-2434.41,-35.71],[-2357.55,-68.58],[-2285.58,-86.35],[-2195.83,-95.68],[-2117.2,-100.57],[-2012.79,-112.57],[-1930.6,-135.67],[-1835.08,-180.54],[-1730.68,-237.85],[-1660.04,-295.16],[-1590.73,-368.91],[-1537.42,-440.89],[-1504.54,-498.2],[-1465.89,-594.61],[-1437.9,-693.24],[-1430.12,-776.76],[-1426.79,-869.17],[-1500.32,-887.83],[-1446.78,-1003.79],[-1478.33,-1073.98],[-1503.65,-1134.4],[-1524.98,-1199.71],[-1537.86,-1257.47]],"type": "LineString"}}
  ]
}
